;Ag Concentration;Ag Error 1s;As Concentration;As Error 1s;Ba Concentration;Ba Error 1s;Bi Concentration;Bi Error 1s;Ca Concentration;Ca Error 1s;Cd Concentration;Cd Error 1s;Ce Concentration;Ce Error 1s;Co Concentration;Co Error 1s;Cr Concentration;Cr Error 1s;Cu Concentration;Cu Error 1s;Fe Concentration;Fe Error 1s;Hg Concentration;Hg Error 1s;K Concentration;K Error 1s;La Concentration;La Error 1s;Mn Concentration;Mn Error 1s;Mo Concentration;Mo Error 1s;Nb Concentration;Nb Error 1s;Nd Concentration;Nd Error 1s;Ni Concentration;Ni Error 1s;P Concentration;P Error 1s;Pb Concentration;Pb Error 1s;Pr Concentration;Pr Error 1s;Rb Concentration;Rb Error 1s;S Concentration;S Error 1s;Sb Concentration;Sb Error 1s;Se Concentration;Se Error 1s;Sn Concentration;Sn Error 1s;Sr Concentration;Sr Error 1s;Ta Concentration;Ta Error 1s;Th Concentration;Th Error 1s;Ti Concentration;Ti Error 1s;U Concentration;U Error 1s;V Concentration;V Error 1s;W Concentration;W Error 1s;Y Concentration;Y Error 1s;Zn Concentration;Zn Error 1s;Zr Concentration;Zr Error 1s;info
0;0.0;1.0;10.0;1.0;266.0;9.0;9.0;2.0;5142.0;24.0;-2.0;1.0;148.0;33.0;75.0;8.0;71.0;1.0;22.0;1.0;18426.0;50.0;2.0;1.0;17261.0;62.0;45.0;17.0;484.0;3.0;2.0;2.0;15.0;1.0;-166.0;108.0;25.0;2.0;1501.0;247.0;26.0;1.0;-202.0;45.0;75.0;1.0;309.0;33.0;1.0;3.0;0.0;0.0;2.0;2.0;93.0;2.0;22.0;6.0;6.0;2.0;3713.0;13.0;5.0;2.0;57.0;1.0;5.0;1.0;30.0;1.0;67.0;1.0;612.0;6.0;AA_1
1;-1.0;1.0;10.0;1.0;272.0;9.0;7.0;2.0;4980.0;24.0;-1.0;1.0;97.0;33.0;86.0;9.0;90.0;2.0;19.0;1.0;25325.0;66.0;2.0;1.0;18588.0;67.0;29.0;17.0;500.0;3.0;1.0;2.0;15.0;1.0;-259.0;109.0;33.0;2.0;1437.0;263.0;26.0;1.0;-200.0;45.0;82.0;1.0;294.0;35.0;2.0;3.0;0.0;0.0;5.0;2.0;91.0;2.0;11.0;5.0;7.0;2.0;3804.0;14.0;1.0;1.0;62.0;1.0;3.0;1.0;31.0;1.0;70.0;1.0;532.0;5.0;AA_2
2;-1.0;1.0;8.0;1.0;246.0;9.0;8.0;2.0;4625.0;22.0;1.0;1.0;95.0;33.0;54.0;7.0;55.0;1.0;18.0;1.0;14551.0;41.0;1.0;1.0;15170.0;55.0;31.0;18.0;425.0;2.0;0.0;2.0;14.0;1.0;-79.0;110.0;18.0;2.0;1730.0;231.0;25.0;1.0;-133.0;46.0;71.0;1.0;226.0;29.0;4.0;3.0;0.0;0.0;5.0;2.0;103.0;2.0;13.0;5.0;4.0;2.0;3226.0;12.0;2.0;2.0;50.0;1.0;2.0;1.0;31.0;2.0;63.0;1.0;658.0;6.0;AA_3
3;0.0;1.0;6.0;1.0;250.0;8.0;8.0;2.0;3542.0;18.0;1.0;1.0;130.0;32.0;62.0;6.0;68.0;1.0;15.0;1.0;12772.0;37.0;1.0;1.0;15269.0;54.0;10.0;17.0;437.0;2.0;-2.0;2.0;13.0;1.0;-252.0;106.0;17.0;2.0;1594.0;214.0;25.0;1.0;-136.0;44.0;71.0;1.0;246.0;28.0;5.0;3.0;0.0;0.0;6.0;2.0;96.0;2.0;10.0;5.0;6.0;2.0;3330.0;12.0;6.0;2.0;49.0;1.0;2.0;1.0;31.0;1.0;56.0;1.0;627.0;6.0;AA_4
4;1.0;1.0;8.0;1.0;241.0;9.0;9.0;2.0;4096.0;20.0;-1.0;1.0;109.0;33.0;56.0;7.0;66.0;1.0;16.0;1.0;13203.0;39.0;2.0;1.0;14392.0;53.0;17.0;17.0;408.0;2.0;-4.0;2.0;12.0;1.0;-155.0;109.0;15.0;2.0;1482.0;222.0;25.0;1.0;-176.0;45.0;68.0;1.0;225.0;29.0;2.0;3.0;0.0;0.0;-1.0;2.0;99.0;2.0;15.0;5.0;7.0;2.0;3240.0;12.0;8.0;2.0;47.0;1.0;3.0;1.0;30.0;1.0;61.0;1.0;663.0;6.0;AA_5
5;-1.0;1.0;11.0;1.0;267.0;9.0;11.0;2.0;5166.0;24.0;-2.0;1.0;115.0;33.0;93.0;9.0;83.0;1.0;17.0;1.0;24432.0;63.0;1.0;1.0;18057.0;64.0;52.0;17.0;521.0;3.0;-1.0;2.0;13.0;1.0;-198.0;109.0;31.0;2.0;2085.0;267.0;24.0;1.0;-157.0;45.0;82.0;1.0;205.0;34.0;3.0;3.0;0.0;0.0;7.0;2.0;90.0;2.0;11.0;5.0;5.0;2.0;3703.0;13.0;5.0;2.0;61.0;1.0;6.0;1.0;30.0;1.0;69.0;1.0;540.0;5.0;AA_6
6;0.0;1.0;8.0;1.0;272.0;9.0;11.0;2.0;3369.0;18.0;0.0;1.0;88.0;33.0;64.0;6.0;56.0;1.0;16.0;1.0;13129.0;38.0;1.0;1.0;14851.0;53.0;48.0;17.0;432.0;2.0;-2.0;2.0;15.0;1.0;-75.0;107.0;16.0;2.0;965.0;205.0;26.0;1.0;-159.0;44.0;72.0;1.0;192.0;28.0;7.0;3.0;0.0;0.0;-1.0;2.0;92.0;2.0;16.0;5.0;8.0;2.0;3320.0;12.0;5.0;2.0;47.0;1.0;5.0;1.0;31.0;1.0;55.0;1.0;600.0;6.0;AA_7
7;-1.0;1.0;8.0;1.0;259.0;9.0;11.0;2.0;3771.0;19.0;0.0;1.0;96.0;33.0;54.0;7.0;64.0;1.0;17.0;1.0;14845.0;42.0;2.0;1.0;15147.0;55.0;-8.0;17.0;467.0;2.0;-1.0;2.0;12.0;1.0;-291.0;109.0;17.0;2.0;1324.0;220.0;21.0;1.0;-209.0;45.0;73.0;1.0;169.0;29.0;0.0;3.0;0.0;0.0;1.0;2.0;102.0;2.0;19.0;5.0;9.0;2.0;3252.0;12.0;5.0;2.0;49.0;1.0;3.0;1.0;33.0;1.0;56.0;1.0;640.0;6.0;AA_8
8;0.0;1.0;11.0;1.0;271.0;9.0;9.0;2.0;4874.0;23.0;0.0;1.0;145.0;33.0;80.0;8.0;82.0;1.0;19.0;1.0;21520.0;57.0;2.0;1.0;17213.0;61.0;26.0;17.0;480.0;3.0;-2.0;2.0;12.0;1.0;-11.0;109.0;27.0;2.0;1340.0;247.0;23.0;1.0;-176.0;45.0;81.0;1.0;218.0;32.0;0.0;3.0;0.0;0.0;8.0;2.0;88.0;2.0;21.0;6.0;11.0;2.0;3621.0;13.0;2.0;1.0;60.0;1.0;2.0;1.0;32.0;2.0;65.0;1.0;578.0;6.0;AA_9
9;0.0;1.0;7.0;1.0;240.0;9.0;8.0;2.0;3887.0;19.0;-1.0;1.0;82.0;33.0;53.0;7.0;59.0;1.0;18.0;1.0;13677.0;39.0;2.0;1.0;14754.0;53.0;12.0;17.0;459.0;2.0;1.0;2.0;14.0;1.0;-46.0;107.0;15.0;2.0;1919.0;224.0;24.0;1.0;-168.0;45.0;71.0;1.0;256.0;29.0;2.0;3.0;0.0;0.0;1.0;2.0;99.0;2.0;5.0;5.0;7.0;2.0;3412.0;12.0;0.0;1.0;48.0;1.0;5.0;1.0;33.0;2.0;57.0;1.0;658.0;6.0;AA_10
10;-1.0;1.0;9.0;1.0;250.0;9.0;7.0;2.0;3212.0;18.0;1.0;1.0;77.0;33.0;50.0;6.0;56.0;1.0;14.0;1.0;12917.0;38.0;1.0;1.0;14123.0;52.0;25.0;17.0;443.0;2.0;2.0;2.0;15.0;1.0;-306.0;108.0;20.0;2.0;1081.0;204.0;23.0;1.0;-260.0;45.0;72.0;1.0;158.0;27.0;4.0;3.0;0.0;0.0;1.0;2.0;95.0;2.0;13.0;5.0;8.0;2.0;3311.0;12.0;3.0;2.0;44.0;1.0;5.0;1.0;31.0;1.0;56.0;1.0;624.0;6.0;AA_11
11;0.0;1.0;10.0;1.0;251.0;9.0;9.0;2.0;4629.0;22.0;-1.0;1.0;67.0;33.0;89.0;8.0;74.0;1.0;19.0;1.0;20321.0;54.0;1.0;1.0;17186.0;60.0;30.0;17.0;461.0;2.0;-1.0;2.0;13.0;1.0;-274.0;108.0;27.0;2.0;1878.0;246.0;23.0;1.0;-197.0;45.0;78.0;1.0;308.0;32.0;1.0;3.0;0.0;0.0;1.0;2.0;95.0;2.0;20.0;5.0;9.0;2.0;3339.0;12.0;4.0;2.0;57.0;1.0;3.0;1.0;29.0;1.0;66.0;1.0;573.0;6.0;AA_12
12;0.0;1.0;9.0;1.0;236.0;9.0;11.0;2.0;4562.0;22.0;2.0;1.0;84.0;33.0;57.0;8.0;79.0;1.0;18.0;1.0;20226.0;54.0;2.0;1.0;16396.0;59.0;17.0;17.0;441.0;2.0;-2.0;2.0;13.0;1.0;-281.0;108.0;26.0;2.0;1144.0;237.0;24.0;1.0;-132.0;45.0;78.0;1.0;235.0;32.0;6.0;3.0;0.0;0.0;4.0;2.0;99.0;2.0;13.0;5.0;6.0;2.0;3465.0;12.0;6.0;2.0;54.0;1.0;2.0;1.0;32.0;1.0;62.0;1.0;593.0;6.0;AA_13
13;-1.0;1.0;8.0;1.0;256.0;9.0;8.0;2.0;4053.0;20.0;-2.0;1.0;128.0;33.0;55.0;6.0;58.0;1.0;17.0;1.0;12623.0;37.0;0.0;1.0;14397.0;52.0;23.0;17.0;405.0;2.0;-2.0;2.0;14.0;1.0;-129.0;108.0;18.0;2.0;2112.0;224.0;25.0;1.0;-201.0;45.0;69.0;1.0;258.0;28.0;0.0;3.0;0.0;0.0;1.0;2.0;91.0;2.0;16.0;5.0;9.0;2.0;3205.0;11.0;6.0;2.0;46.0;1.0;2.0;1.0;30.0;1.0;56.0;1.0;678.0;6.0;AA_14
14;-1.0;1.0;7.0;1.0;250.0;8.0;7.0;2.0;3373.0;18.0;1.0;1.0;104.0;33.0;56.0;6.0;64.0;1.0;15.0;1.0;11895.0;35.0;1.0;1.0;13971.0;51.0;50.0;17.0;390.0;2.0;-2.0;2.0;15.0;1.0;-246.0;107.0;15.0;2.0;1089.0;201.0;23.0;1.0;-246.0;45.0;70.0;1.0;206.0;27.0;4.0;3.0;0.0;0.0;4.0;2.0;102.0;2.0;18.0;5.0;8.0;2.0;3159.0;11.0;3.0;2.0;44.0;1.0;3.0;1.0;31.0;1.0;55.0;1.0;640.0;6.0;AA_15
15;0.0;1.0;7.0;1.0;254.0;9.0;6.0;2.0;3949.0;20.0;-1.0;1.0;77.0;33.0;73.0;7.0;69.0;1.0;16.0;1.0;16076.0;44.0;1.0;1.0;15530.0;55.0;17.0;17.0;403.0;2.0;-3.0;2.0;14.0;1.0;-192.0;108.0;24.0;2.0;1652.0;225.0;21.0;1.0;-182.0;45.0;74.0;1.0;233.0;29.0;3.0;3.0;0.0;0.0;4.0;2.0;97.0;2.0;10.0;5.0;11.0;2.0;3342.0;12.0;1.0;1.0;47.0;1.0;5.0;1.0;33.0;1.0;52.0;1.0;632.0;6.0;AA_16
16;2.0;1.0;12.0;1.0;267.0;9.0;10.0;2.0;5122.0;24.0;0.0;1.0;185.0;33.0;56.0;9.0;75.0;1.0;17.0;1.0;22346.0;59.0;1.0;1.0;17166.0;61.0;44.0;17.0;494.0;3.0;1.0;2.0;13.0;1.0;-85.0;110.0;28.0;2.0;1681.0;254.0;23.0;1.0;-115.0;45.0;77.0;1.0;235.0;33.0;-4.0;3.0;0.0;0.0;4.0;2.0;84.0;2.0;24.0;6.0;4.0;2.0;3399.0;12.0;3.0;2.0;57.0;1.0;5.0;1.0;28.0;1.0;64.0;1.0;549.0;5.0;AA_17
17;0.0;1.0;8.0;1.0;241.0;9.0;7.0;2.0;3966.0;20.0;-2.0;1.0;130.0;34.0;59.0;7.0;55.0;1.0;15.0;1.0;12999.0;39.0;2.0;1.0;13482.0;51.0;28.0;18.0;363.0;2.0;1.0;2.0;14.0;1.0;-258.0;112.0;16.0;2.0;1560.0;219.0;24.0;1.0;-228.0;46.0;68.0;1.0;227.0;28.0;5.0;3.0;0.0;0.0;2.0;3.0;97.0;2.0;16.0;6.0;9.0;2.0;3106.0;11.0;4.0;2.0;41.0;1.0;1.0;1.0;31.0;2.0;58.0;1.0;698.0;7.0;AA_18
18;-2.0;1.0;7.0;1.0;252.0;9.0;8.0;2.0;3365.0;18.0;0.0;1.0;84.0;33.0;36.0;6.0;62.0;1.0;16.0;1.0;12528.0;37.0;2.0;1.0;14292.0;52.0;28.0;17.0;407.0;2.0;0.0;2.0;13.0;1.0;-75.0;108.0;16.0;2.0;995.0;201.0;26.0;1.0;-185.0;45.0;69.0;1.0;232.0;28.0;5.0;3.0;0.0;0.0;9.0;2.0;93.0;2.0;16.0;5.0;7.0;2.0;3137.0;11.0;3.0;2.0;44.0;1.0;2.0;1.0;28.0;1.0;54.0;1.0;637.0;6.0;AA_19
19;0.0;1.0;10.0;1.0;253.0;9.0;6.0;2.0;4706.0;22.0;1.0;1.0;136.0;33.0;66.0;8.0;78.0;1.0;21.0;1.0;20643.0;55.0;1.0;1.0;16049.0;58.0;8.0;17.0;459.0;2.0;-3.0;2.0;14.0;1.0;-253.0;108.0;28.0;2.0;1915.0;248.0;27.0;1.0;-255.0;44.0;77.0;1.0;333.0;33.0;-1.0;3.0;0.0;0.0;3.0;2.0;98.0;2.0;20.0;6.0;10.0;2.0;3347.0;12.0;3.0;2.0;53.0;1.0;5.0;1.0;30.0;1.0;65.0;1.0;565.0;6.0;AA_20
20;1.0;1.0;9.0;1.0;251.0;9.0;8.0;2.0;4334.0;21.0;0.0;1.0;144.0;33.0;67.0;8.0;72.0;1.0;19.0;1.0;17599.0;48.0;1.0;1.0;15459.0;56.0;14.0;17.0;378.0;2.0;-1.0;2.0;14.0;1.0;40.0;108.0;24.0;2.0;1761.0;234.0;24.0;1.0;-128.0;45.0;74.0;1.0;243.0;30.0;3.0;3.0;0.0;0.0;4.0;2.0;94.0;2.0;23.0;6.0;10.0;2.0;3258.0;12.0;2.0;1.0;49.0;1.0;3.0;1.0;30.0;1.0;62.0;1.0;645.0;6.0;AA_21
21;-1.0;1.0;8.0;1.0;283.0;9.0;6.0;2.0;4175.0;20.0;0.0;1.0;101.0;33.0;49.0;6.0;62.0;1.0;17.0;1.0;12782.0;37.0;1.0;1.0;14508.0;52.0;27.0;17.0;463.0;2.0;-1.0;2.0;15.0;1.0;-98.0;109.0;15.0;2.0;1710.0;219.0;25.0;1.0;-207.0;45.0;70.0;1.0;205.0;28.0;4.0;3.0;0.0;0.0;6.0;2.0;92.0;2.0;21.0;5.0;7.0;2.0;3222.0;11.0;5.0;2.0;46.0;1.0;3.0;1.0;29.0;1.0;60.0;1.0;654.0;6.0;AA_22
22;1.0;1.0;9.0;1.0;258.0;9.0;6.0;2.0;3592.0;18.0;2.0;1.0;70.0;33.0;62.0;7.0;67.0;1.0;17.0;1.0;13663.0;39.0;2.0;1.0;14330.0;52.0;18.0;17.0;474.0;2.0;-2.0;2.0;14.0;1.0;-194.0;109.0;19.0;2.0;1138.0;207.0;26.0;1.0;-125.0;45.0;70.0;1.0;227.0;28.0;0.0;3.0;0.0;0.0;5.0;2.0;97.0;2.0;13.0;5.0;8.0;2.0;3238.0;11.0;3.0;2.0;47.0;1.0;2.0;1.0;31.0;1.0;60.0;1.0;662.0;6.0;AA_23
23;2.0;1.0;9.0;1.0;278.0;9.0;8.0;2.0;4287.0;21.0;0.0;1.0;66.0;33.0;79.0;8.0;72.0;1.0;18.0;1.0;21360.0;57.0;1.0;1.0;16626.0;60.0;41.0;17.0;463.0;2.0;2.0;2.0;14.0;1.0;-324.0;109.0;27.0;2.0;1427.0;242.0;24.0;1.0;-116.0;45.0;77.0;1.0;246.0;32.0;-2.0;3.0;0.0;0.0;2.0;2.0;89.0;2.0;16.0;5.0;7.0;2.0;3535.0;13.0;3.0;2.0;55.0;1.0;3.0;1.0;30.0;1.0;63.0;1.0;565.0;6.0;AA_24
24;-1.0;1.0;8.0;1.0;265.0;9.0;7.0;2.0;4302.0;20.0;0.0;1.0;106.0;33.0;56.0;7.0;68.0;1.0;15.0;1.0;14986.0;42.0;1.0;1.0;14723.0;53.0;29.0;17.0;409.0;2.0;-4.0;2.0;12.0;1.0;-426.0;109.0;20.0;2.0;1506.0;222.0;25.0;1.0;-233.0;45.0;72.0;1.0;295.0;30.0;2.0;3.0;0.0;0.0;8.0;2.0;89.0;2.0;20.0;6.0;7.0;2.0;3189.0;11.0;7.0;2.0;48.0;1.0;5.0;1.0;34.0;2.0;61.0;1.0;657.0;6.0;AA_25
25;0.0;1.0;7.0;1.0;260.0;8.0;8.0;2.0;3783.0;19.0;0.0;1.0;60.0;32.0;31.0;6.0;57.0;1.0;15.0;1.0;12398.0;36.0;3.0;1.0;14210.0;51.0;18.0;17.0;416.0;2.0;-2.0;2.0;14.0;1.0;53.0;108.0;18.0;2.0;1972.0;216.0;26.0;1.0;-238.0;44.0;68.0;1.0;188.0;27.0;5.0;3.0;0.0;0.0;2.0;2.0;95.0;2.0;20.0;5.0;8.0;2.0;3140.0;11.0;4.0;2.0;44.0;1.0;4.0;1.0;32.0;1.0;57.0;1.0;653.0;6.0;AA_26
26;1.0;1.0;11.0;1.0;268.0;9.0;6.0;2.0;5957.0;25.0;0.0;1.0;141.0;33.0;65.0;8.0;73.0;1.0;18.0;1.0;19918.0;54.0;1.0;1.0;16005.0;58.0;30.0;17.0;439.0;2.0;0.0;2.0;12.0;1.0;-270.0;108.0;23.0;2.0;1694.0;251.0;24.0;1.0;-205.0;45.0;77.0;1.0;339.0;33.0;3.0;3.0;0.0;0.0;5.0;2.0;91.0;2.0;16.0;5.0;6.0;2.0;3247.0;12.0;2.0;1.0;54.0;1.0;4.0;1.0;30.0;1.0;63.0;1.0;545.0;5.0;AA_27
27;0.0;1.0;11.0;1.0;256.0;9.0;8.0;2.0;4698.0;23.0;-1.0;1.0;108.0;33.0;64.0;9.0;87.0;1.0;18.0;1.0;23100.0;61.0;1.0;1.0;17482.0;62.0;26.0;17.0;476.0;3.0;-3.0;2.0;14.0;1.0;-216.0;110.0;30.0;2.0;1233.0;247.0;22.0;1.0;-265.0;45.0;81.0;1.0;215.0;33.0;0.0;3.0;0.0;0.0;5.0;2.0;89.0;2.0;19.0;6.0;7.0;2.0;3658.0;13.0;2.0;2.0;57.0;1.0;2.0;1.0;27.0;1.0;63.0;1.0;540.0;5.0;AA_28
28;0.0;1.0;10.0;1.0;269.0;9.0;7.0;2.0;4474.0;21.0;2.0;1.0;148.0;33.0;60.0;8.0;76.0;1.0;18.0;1.0;18008.0;49.0;1.0;1.0;16060.0;57.0;36.0;17.0;443.0;2.0;-3.0;2.0;15.0;1.0;-105.0;109.0;24.0;2.0;1790.0;238.0;21.0;1.0;-113.0;45.0;76.0;1.0;267.0;31.0;4.0;3.0;0.0;0.0;6.0;2.0;91.0;2.0;10.0;5.0;7.0;2.0;3555.0;12.0;2.0;1.0;52.0;1.0;4.0;1.0;31.0;1.0;58.0;1.0;599.0;6.0;AA_29
29;1.0;1.0;8.0;1.0;254.0;8.0;4.0;2.0;4188.0;20.0;2.0;1.0;109.0;32.0;47.0;6.0;64.0;1.0;16.0;1.0;13096.0;37.0;2.0;1.0;14720.0;52.0;22.0;17.0;459.0;2.0;-2.0;2.0;15.0;1.0;-280.0;107.0;14.0;2.0;1960.0;219.0;27.0;1.0;-199.0;44.0;70.0;1.0;258.0;28.0;4.0;3.0;0.0;0.0;7.0;2.0;89.0;2.0;16.0;5.0;9.0;2.0;3275.0;11.0;5.0;2.0;46.0;1.0;3.0;1.0;29.0;1.0;63.0;1.0;623.0;6.0;AA_30
30;1.0;1.0;8.0;1.0;263.0;9.0;6.0;2.0;3988.0;20.0;3.0;1.0;100.0;33.0;51.0;7.0;68.0;1.0;17.0;1.0;16976.0;47.0;1.0;1.0;15621.0;56.0;40.0;17.0;453.0;2.0;-2.0;2.0;14.0;1.0;-144.0;108.0;21.0;2.0;1158.0;223.0;25.0;1.0;-228.0;45.0;76.0;1.0;291.0;31.0;3.0;3.0;0.0;0.0;1.0;2.0;84.0;2.0;16.0;5.0;9.0;2.0;3328.0;12.0;3.0;2.0;53.0;1.0;6.0;1.0;28.0;1.0;63.0;1.0;554.0;6.0;AA_32
31;0.0;1.0;9.0;1.0;268.0;9.0;10.0;2.0;5542.0;24.0;2.0;1.0;179.0;33.0;60.0;8.0;76.0;1.0;17.0;1.0;18722.0;51.0;2.0;1.0;15941.0;57.0;38.0;17.0;459.0;2.0;-3.0;2.0;13.0;1.0;-388.0;110.0;21.0;2.0;1486.0;243.0;24.0;1.0;-190.0;46.0;76.0;1.0;296.0;32.0;2.0;3.0;0.0;0.0;5.0;2.0;94.0;2.0;21.0;6.0;12.0;2.0;3421.0;12.0;2.0;2.0;51.0;1.0;3.0;1.0;26.0;1.0;64.0;1.0;612.0;6.0;AA_33
32;1.0;1.0;7.0;1.0;262.0;9.0;6.0;2.0;4011.0;20.0;0.0;1.0;142.0;33.0;64.0;7.0;60.0;1.0;17.0;1.0;13219.0;38.0;1.0;1.0;14599.0;52.0;25.0;17.0;448.0;2.0;-3.0;2.0;13.0;1.0;-370.0;107.0;17.0;2.0;1572.0;216.0;27.0;1.0;-167.0;44.0;70.0;1.0;204.0;28.0;-1.0;3.0;0.0;0.0;8.0;2.0;89.0;2.0;11.0;5.0;10.0;2.0;3228.0;11.0;2.0;1.0;44.0;1.0;4.0;1.0;31.0;1.0;59.0;1.0;657.0;6.0;AA_34
33;-1.0;1.0;8.0;1.0;252.0;9.0;7.0;2.0;4269.0;21.0;-1.0;1.0;153.0;33.0;65.0;7.0;60.0;1.0;17.0;1.0;15615.0;44.0;2.0;1.0;14997.0;55.0;21.0;17.0;424.0;2.0;-1.0;2.0;14.0;1.0;-126.0;109.0;19.0;2.0;1414.0;226.0;26.0;1.0;-173.0;45.0;74.0;1.0;302.0;30.0;0.0;3.0;0.0;0.0;4.0;2.0;85.0;2.0;22.0;6.0;10.0;2.0;3277.0;12.0;3.0;2.0;48.0;1.0;6.0;1.0;31.0;1.0;60.0;1.0;629.0;6.0;AA_35
34;-1.0;1.0;10.0;1.0;273.0;9.0;5.0;2.0;4336.0;21.0;0.0;1.0;169.0;34.0;49.0;8.0;75.0;1.0;18.0;1.0;19367.0;53.0;2.0;1.0;16278.0;59.0;67.0;18.0;584.0;3.0;-1.0;2.0;14.0;1.0;-150.0;112.0;20.0;2.0;1253.0;237.0;26.0;1.0;-161.0;46.0;79.0;1.0;252.0;32.0;3.0;3.0;0.0;0.0;5.0;3.0;98.0;2.0;17.0;6.0;12.0;2.0;3406.0;12.0;4.0;2.0;50.0;1.0;3.0;1.0;28.0;2.0;68.0;1.0;572.0;6.0;AA_36
35;0.0;1.0;9.0;1.0;254.0;9.0;8.0;2.0;3474.0;18.0;2.0;1.0;107.0;33.0;53.0;7.0;62.0;1.0;18.0;1.0;14324.0;41.0;1.0;1.0;14264.0;52.0;51.0;17.0;455.0;2.0;0.0;2.0;14.0;1.0;-204.0;109.0;17.0;2.0;1325.0;212.0;25.0;1.0;-164.0;45.0;72.0;1.0;208.0;28.0;5.0;3.0;0.0;0.0;2.0;2.0;100.0;2.0;11.0;5.0;5.0;2.0;3206.0;11.0;5.0;2.0;47.0;1.0;1.0;1.0;30.0;1.0;60.0;1.0;650.0;6.0;AA_37
36;2.0;1.0;8.0;1.0;238.0;9.0;7.0;2.0;3430.0;18.0;2.0;1.0;132.0;33.0;44.0;7.0;61.0;1.0;13.0;1.0;13312.0;38.0;1.0;1.0;14226.0;51.0;17.0;17.0;431.0;2.0;-1.0;2.0;13.0;1.0;-162.0;108.0;16.0;2.0;1393.0;209.0;25.0;1.0;-155.0;45.0;69.0;1.0;255.0;28.0;5.0;3.0;1.0;0.0;7.0;2.0;93.0;2.0;14.0;5.0;10.0;2.0;3246.0;11.0;5.0;2.0;43.0;1.0;4.0;1.0;32.0;2.0;54.0;1.0;682.0;6.0;AA_38
37;0.0;1.0;7.0;1.0;269.0;9.0;8.0;2.0;3556.0;18.0;1.0;1.0;92.0;32.0;56.0;7.0;65.0;1.0;18.0;1.0;14478.0;41.0;2.0;1.0;14921.0;53.0;24.0;17.0;467.0;2.0;-2.0;2.0;14.0;1.0;-297.0;108.0;21.0;2.0;1312.0;212.0;25.0;1.0;-106.0;45.0;73.0;1.0;283.0;29.0;6.0;3.0;0.0;0.0;7.0;2.0;109.0;2.0;21.0;5.0;10.0;2.0;3242.0;11.0;5.0;2.0;46.0;1.0;3.0;1.0;29.0;1.0;57.0;1.0;626.0;6.0;AA_39
38;0.0;1.0;10.0;1.0;253.0;9.0;9.0;2.0;4617.0;22.0;0.0;1.0;168.0;33.0;56.0;8.0;74.0;1.0;18.0;1.0;17460.0;48.0;1.0;1.0;15649.0;56.0;29.0;17.0;420.0;2.0;-2.0;2.0;15.0;1.0;-143.0;109.0;24.0;2.0;1831.0;236.0;24.0;1.0;-167.0;45.0;75.0;1.0;320.0;31.0;-1.0;3.0;0.0;0.0;1.0;2.0;94.0;2.0;26.0;6.0;8.0;2.0;3336.0;12.0;4.0;2.0;49.0;1.0;4.0;1.0;28.0;1.0;60.0;1.0;612.0;6.0;AA_40
39;0.0;1.0;9.0;1.0;274.0;9.0;6.0;2.0;5240.0;23.0;2.0;1.0;85.0;33.0;61.0;8.0;62.0;1.0;19.0;1.0;18901.0;52.0;2.0;1.0;15699.0;57.0;53.0;18.0;431.0;2.0;0.0;2.0;13.0;1.0;-322.0;110.0;21.0;2.0;1604.0;243.0;25.0;1.0;-225.0;46.0;76.0;1.0;318.0;32.0;-1.0;3.0;0.0;0.0;7.0;2.0;96.0;2.0;18.0;6.0;10.0;2.0;3350.0;12.0;5.0;2.0;48.0;1.0;4.0;1.0;31.0;2.0;66.0;1.0;563.0;6.0;AA_41
40;2.0;1.0;9.0;1.0;250.0;9.0;6.0;2.0;3931.0;20.0;2.0;1.0;110.0;33.0;52.0;7.0;58.0;1.0;20.0;1.0;15971.0;45.0;3.0;1.0;15112.0;55.0;38.0;17.0;417.0;2.0;-2.0;2.0;14.0;1.0;-240.0;109.0;20.0;2.0;1406.0;222.0;24.0;1.0;-264.0;45.0;76.0;1.0;220.0;29.0;4.0;3.0;0.0;0.0;5.0;2.0;91.0;2.0;16.0;5.0;6.0;2.0;3179.0;11.0;4.0;2.0;48.0;1.0;2.0;1.0;31.0;1.0;62.0;1.0;612.0;6.0;AA_42
41;0.0;1.0;7.0;1.0;260.0;9.0;4.0;2.0;4201.0;20.0;1.0;1.0;106.0;33.0;41.0;7.0;63.0;1.0;18.0;1.0;14884.0;42.0;1.0;1.0;15167.0;55.0;24.0;17.0;464.0;2.0;-1.0;2.0;13.0;1.0;-282.0;109.0;19.0;2.0;1838.0;227.0;27.0;1.0;-302.0;45.0;72.0;1.0;292.0;30.0;5.0;3.0;0.0;0.0;5.0;2.0;90.0;2.0;16.0;5.0;10.0;2.0;3196.0;11.0;3.0;2.0;49.0;1.0;4.0;1.0;30.0;1.0;61.0;1.0;619.0;6.0;AA_43
42;0.0;1.0;10.0;1.0;268.0;9.0;5.0;2.0;4427.0;21.0;0.0;1.0;103.0;33.0;68.0;7.0;75.0;1.0;19.0;1.0;16760.0;46.0;1.0;1.0;16058.0;57.0;25.0;17.0;462.0;2.0;-3.0;2.0;13.0;1.0;-157.0;108.0;22.0;2.0;1813.0;233.0;22.0;1.0;-172.0;45.0;75.0;1.0;278.0;30.0;4.0;3.0;0.0;0.0;5.0;2.0;97.0;2.0;21.0;5.0;9.0;2.0;3457.0;12.0;4.0;2.0;51.0;1.0;4.0;1.0;31.0;1.0;61.0;1.0;591.0;6.0;AA_44
43;0.0;1.0;9.0;1.0;259.0;9.0;7.0;2.0;4119.0;20.0;2.0;1.0;112.0;33.0;65.0;7.0;61.0;1.0;20.0;1.0;16495.0;45.0;1.0;1.0;14303.0;53.0;22.0;17.0;417.0;2.0;0.0;2.0;13.0;1.0;-203.0;109.0;17.0;2.0;2042.0;231.0;24.0;1.0;-161.0;45.0;75.0;1.0;289.0;30.0;1.0;3.0;0.0;0.0;4.0;2.0;92.0;2.0;14.0;5.0;8.0;2.0;3150.0;11.0;4.0;2.0;44.0;1.0;4.0;1.0;32.0;1.0;61.0;1.0;598.0;6.0;AA_45
44;0.0;1.0;7.0;1.0;258.0;9.0;7.0;2.0;3305.0;18.0;-1.0;1.0;119.0;33.0;74.0;7.0;70.0;1.0;17.0;1.0;14931.0;42.0;1.0;1.0;15266.0;54.0;62.0;17.0;437.0;2.0;2.0;2.0;14.0;1.0;-217.0;109.0;18.0;2.0;1248.0;212.0;24.0;1.0;-161.0;45.0;74.0;1.0;184.0;28.0;6.0;3.0;0.0;0.0;4.0;2.0;92.0;2.0;9.0;5.0;9.0;2.0;3337.0;12.0;3.0;2.0;46.0;1.0;4.0;1.0;31.0;1.0;60.0;1.0;630.0;6.0;AA_47
45;0.0;1.0;8.0;1.0;270.0;9.0;6.0;2.0;4350.0;21.0;1.0;1.0;150.0;34.0;57.0;7.0;57.0;1.0;19.0;1.0;14769.0;42.0;1.0;1.0;14655.0;53.0;40.0;18.0;440.0;2.0;2.0;2.0;13.0;1.0;-121.0;110.0;18.0;2.0;2256.0;234.0;27.0;1.0;-95.0;46.0;73.0;1.0;300.0;30.0;4.0;3.0;0.0;0.0;4.0;2.0;100.0;2.0;29.0;6.0;7.0;2.0;3365.0;12.0;3.0;2.0;48.0;1.0;4.0;1.0;31.0;2.0;63.0;1.0;646.0;6.0;AA_48
46;0.0;1.0;9.0;1.0;277.0;9.0;8.0;2.0;4683.0;22.0;1.0;1.0;59.0;33.0;58.0;8.0;72.0;1.0;21.0;1.0;17698.0;48.0;2.0;1.0;16097.0;57.0;28.0;17.0;481.0;2.0;3.0;2.0;16.0;1.0;-186.0;110.0;20.0;2.0;1587.0;234.0;25.0;1.0;-157.0;45.0;77.0;1.0;268.0;31.0;5.0;3.0;0.0;0.0;7.0;2.0;99.0;2.0;17.0;5.0;7.0;2.0;3483.0;12.0;3.0;2.0;51.0;1.0;6.0;1.0;25.0;1.0;64.0;1.0;579.0;6.0;AA_49
47;-1.0;1.0;7.0;1.0;249.0;8.0;9.0;2.0;3774.0;19.0;0.0;1.0;120.0;32.0;46.0;6.0;59.0;1.0;18.0;1.0;13057.0;38.0;1.0;1.0;14481.0;52.0;16.0;17.0;408.0;2.0;0.0;2.0;13.0;1.0;-365.0;107.0;17.0;2.0;1352.0;210.0;23.0;1.0;-197.0;44.0;70.0;1.0;246.0;28.0;1.0;3.0;0.0;0.0;3.0;2.0;87.0;2.0;16.0;5.0;6.0;2.0;3334.0;11.0;3.0;1.0;45.0;1.0;4.0;1.0;30.0;1.0;55.0;1.0;658.0;6.0;AA_50
48;1.0;1.0;6.0;1.0;256.0;9.0;9.0;2.0;4562.0;22.0;2.0;1.0;161.0;33.0;52.0;8.0;74.0;1.0;20.0;1.0;18222.0;50.0;1.0;1.0;15854.0;57.0;-7.0;17.0;407.0;2.0;-1.0;2.0;14.0;1.0;-298.0;109.0;20.0;2.0;1358.0;234.0;28.0;1.0;-176.0;45.0;75.0;1.0;288.0;31.0;2.0;3.0;0.0;0.0;4.0;2.0;93.0;2.0;14.0;5.0;5.0;2.0;3223.0;12.0;6.0;2.0;49.0;1.0;5.0;1.0;28.0;1.0;61.0;1.0;574.0;6.0;AA_51
49;3.0;1.0;4.0;1.0;250.0;9.0;10.0;2.0;3718.0;19.0;2.0;1.0;123.0;32.0;46.0;7.0;54.0;1.0;17.0;1.0;14347.0;40.0;2.0;1.0;14722.0;53.0;31.0;17.0;415.0;2.0;0.0;2.0;12.0;1.0;-246.0;107.0;17.0;2.0;1749.0;217.0;34.0;1.0;-273.0;44.0;71.0;1.0;202.0;28.0;1.0;3.0;0.0;0.0;1.0;2.0;97.0;2.0;20.0;5.0;9.0;2.0;3214.0;11.0;3.0;1.0;47.0;1.0;1.0;1.0;30.0;1.0;58.0;1.0;660.0;6.0;AA_52
50;2.0;1.0;9.0;1.0;267.0;9.0;8.0;2.0;4140.0;20.0;0.0;1.0;119.0;32.0;68.0;7.0;66.0;1.0;18.0;1.0;16418.0;45.0;2.0;1.0;15401.0;55.0;32.0;17.0;433.0;2.0;-2.0;2.0;14.0;1.0;-406.0;107.0;26.0;2.0;1587.0;226.0;24.0;1.0;-287.0;44.0;75.0;1.0;230.0;29.0;2.0;3.0;0.0;0.0;0.0;2.0;95.0;2.0;16.0;5.0;3.0;2.0;3248.0;11.0;5.0;2.0;53.0;1.0;3.0;1.0;27.0;1.0;61.0;1.0;596.0;6.0;AA_53
51;-1.0;1.0;9.0;1.0;269.0;9.0;9.0;2.0;4792.0;22.0;0.0;1.0;83.0;33.0;67.0;8.0;67.0;1.0;20.0;1.0;19070.0;52.0;1.0;1.0;15763.0;57.0;33.0;17.0;420.0;2.0;-1.0;2.0;13.0;1.0;-379.0;110.0;22.0;2.0;1188.0;234.0;28.0;1.0;-163.0;46.0;77.0;1.0;379.0;32.0;3.0;3.0;0.0;0.0;89.0;3.0;91.0;2.0;12.0;5.0;8.0;2.0;3380.0;12.0;4.0;2.0;50.0;1.0;5.0;1.0;31.0;2.0;65.0;1.0;606.0;6.0;AA_54
52;0.0;1.0;8.0;1.0;262.0;9.0;7.0;2.0;3537.0;19.0;1.0;1.0;68.0;33.0;50.0;7.0;81.0;1.0;17.0;1.0;16780.0;47.0;2.0;1.0;16090.0;57.0;32.0;17.0;502.0;3.0;1.0;2.0;13.0;1.0;-169.0;108.0;22.0;2.0;1408.0;223.0;22.0;1.0;-186.0;45.0;76.0;1.0;258.0;30.0;0.0;3.0;0.0;0.0;1.0;2.0;86.0;2.0;12.0;5.0;6.0;2.0;3644.0;13.0;4.0;2.0;52.0;1.0;6.0;1.0;31.0;1.0;54.0;1.0;601.0;6.0;AA_55
53;-1.0;1.0;8.0;1.0;254.0;9.0;5.0;2.0;4081.0;20.0;0.0;1.0;68.0;33.0;54.0;7.0;61.0;1.0;18.0;1.0;16324.0;46.0;1.0;1.0;15073.0;55.0;5.0;17.0;455.0;2.0;2.0;2.0;14.0;1.0;-187.0;110.0;22.0;2.0;1266.0;224.0;26.0;1.0;-187.0;46.0;74.0;1.0;253.0;30.0;4.0;3.0;0.0;0.0;4.0;2.0;89.0;2.0;11.0;5.0;7.0;2.0;3204.0;12.0;3.0;2.0;49.0;1.0;3.0;1.0;29.0;1.0;62.0;1.0;597.0;6.0;AA_56
54;0.0;1.0;9.0;1.0;259.0;8.0;11.0;2.0;3760.0;19.0;-1.0;1.0;88.0;32.0;55.0;7.0;59.0;1.0;18.0;1.0;16942.0;46.0;1.0;1.0;15515.0;55.0;26.0;17.0;429.0;2.0;0.0;2.0;14.0;1.0;-165.0;107.0;20.0;2.0;1861.0;227.0;22.0;1.0;-200.0;44.0;75.0;1.0;258.0;30.0;7.0;3.0;0.0;0.0;6.0;2.0;90.0;2.0;21.0;5.0;7.0;2.0;3157.0;11.0;2.0;1.0;50.0;1.0;5.0;1.0;28.0;1.0;57.0;1.0;578.0;6.0;AA_57
55;1.0;1.0;11.0;1.0;272.0;9.0;5.0;2.0;4228.0;21.0;0.0;1.0;70.0;33.0;55.0;8.0;64.0;1.0;22.0;1.0;19845.0;54.0;2.0;1.0;16636.0;59.0;21.0;17.0;450.0;2.0;-3.0;2.0;13.0;1.0;-145.0;111.0;21.0;2.0;1302.0;233.0;25.0;1.0;-215.0;46.0;80.0;1.0;287.0;32.0;2.0;3.0;0.0;0.0;8.0;2.0;97.0;2.0;21.0;6.0;9.0;2.0;3381.0;12.0;5.0;2.0;54.0;1.0;4.0;1.0;27.0;1.0;68.0;1.0;565.0;6.0;AA_58
56;-1.0;1.0;10.0;1.0;279.0;9.0;7.0;2.0;4016.0;20.0;-1.0;1.0;181.0;33.0;62.0;8.0;65.0;1.0;19.0;1.0;18171.0;49.0;1.0;1.0;15712.0;56.0;26.0;17.0;446.0;2.0;-2.0;2.0;12.0;1.0;-237.0;107.0;25.0;2.0;1766.0;231.0;24.0;1.0;-229.0;44.0;77.0;1.0;268.0;30.0;0.0;3.0;0.0;0.0;2.0;2.0;86.0;2.0;19.0;5.0;9.0;2.0;3199.0;11.0;1.0;1.0;51.0;1.0;2.0;1.0;31.0;1.0;63.0;1.0;586.0;6.0;AA_59
57;-1.0;1.0;8.0;1.0;190.0;8.0;9.0;1.0;27186.0;72.0;0.0;1.0;61.0;31.0;42.0;7.0;55.0;1.0;13.0;1.0;14574.0;40.0;2.0;1.0;14865.0;53.0;32.0;16.0;243.0;2.0;0.0;1.0;9.0;1.0;-160.0;103.0;19.0;2.0;1573.0;335.0;17.0;1.0;-94.0;43.0;68.0;1.0;484.0;37.0;0.0;2.0;0.0;0.0;5.0;2.0;115.0;2.0;4.0;5.0;5.0;2.0;2285.0;9.0;1.0;1.0;39.0;1.0;2.0;1.0;19.0;1.0;51.0;1.0;277.0;3.0;AB_1
58;0.0;1.0;7.0;0.0;178.0;8.0;7.0;1.0;21038.0;58.0;0.0;1.0;78.0;31.0;44.0;6.0;29.0;1.0;14.0;1.0;11940.0;34.0;2.0;1.0;12243.0;46.0;7.0;16.0;163.0;1.0;1.0;1.0;9.0;1.0;-247.0;103.0;16.0;2.0;1552.0;300.0;14.0;1.0;-101.0;43.0;61.0;0.0;829.0;37.0;-1.0;2.0;0.0;0.0;2.0;2.0;108.0;2.0;7.0;5.0;6.0;2.0;1910.0;8.0;0.0;1.0;29.0;1.0;2.0;1.0;14.0;1.0;45.0;1.0;261.0;3.0;AB_2
59;-2.0;1.0;7.0;1.0;195.0;8.0;8.0;1.0;23304.0;64.0;-1.0;1.0;99.0;32.0;46.0;6.0;56.0;1.0;12.0;1.0;12620.0;36.0;1.0;1.0;12312.0;47.0;2.0;17.0;189.0;2.0;0.0;1.0;7.0;1.0;26.0;106.0;16.0;2.0;1750.0;316.0;15.0;1.0;-116.0;44.0;63.0;0.0;348.0;34.0;3.0;3.0;0.0;0.0;3.0;2.0;116.0;2.0;16.0;5.0;4.0;2.0;1872.0;8.0;1.0;1.0;32.0;1.0;1.0;1.0;16.0;1.0;47.0;1.0;273.0;3.0;AB_3
60;0.0;1.0;8.0;0.0;180.0;8.0;9.0;1.0;15873.0;46.0;0.0;1.0;94.0;31.0;38.0;6.0;34.0;1.0;11.0;1.0;12554.0;35.0;1.0;1.0;11674.0;44.0;7.0;16.0;182.0;2.0;0.0;1.0;8.0;1.0;-108.0;104.0;16.0;2.0;1442.0;273.0;14.0;1.0;-71.0;43.0;62.0;0.0;437.0;32.0;5.0;2.0;0.0;0.0;7.0;2.0;96.0;2.0;12.0;5.0;7.0;2.0;1860.0;8.0;1.0;1.0;30.0;1.0;1.0;1.0;18.0;1.0;45.0;1.0;309.0;4.0;AB_4
61;-2.0;1.0;9.0;1.0;183.0;8.0;4.0;2.0;20590.0;59.0;-2.0;1.0;69.0;33.0;58.0;6.0;30.0;1.0;10.0;1.0;12783.0;37.0;1.0;1.0;12062.0;47.0;-27.0;17.0;151.0;1.0;-2.0;1.0;9.0;1.0;-372.0;108.0;16.0;2.0;1484.0;306.0;16.0;1.0;-141.0;45.0;66.0;1.0;367.0;34.0;-2.0;3.0;0.0;0.0;0.0;2.0;113.0;2.0;22.0;6.0;5.0;2.0;1758.0;8.0;4.0;2.0;31.0;1.0;1.0;1.0;16.0;1.0;49.0;1.0;256.0;3.0;AB_5
62;1.0;1.0;6.0;0.0;200.0;8.0;11.0;1.0;16649.0;47.0;0.0;1.0;121.0;31.0;32.0;6.0;36.0;1.0;12.0;1.0;11752.0;33.0;1.0;1.0;11322.0;43.0;20.0;16.0;186.0;2.0;1.0;1.0;8.0;1.0;-322.0;102.0;18.0;2.0;1753.0;274.0;15.0;1.0;-42.0;43.0;60.0;0.0;338.0;31.0;2.0;2.0;1.0;0.0;3.0;2.0;100.0;2.0;11.0;5.0;5.0;2.0;1943.0;8.0;2.0;1.0;31.0;1.0;-1.0;1.0;20.0;1.0;43.0;1.0;313.0;4.0;AB_6
63;1.0;1.0;7.0;0.0;185.0;8.0;7.0;1.0;19489.0;54.0;2.0;1.0;100.0;32.0;36.0;6.0;35.0;1.0;10.0;1.0;12807.0;36.0;1.0;1.0;12058.0;45.0;-3.0;17.0;214.0;2.0;0.0;1.0;7.0;1.0;-98.0;105.0;16.0;2.0;2088.0;295.0;15.0;1.0;-154.0;43.0;60.0;0.0;670.0;35.0;3.0;3.0;0.0;0.0;6.0;2.0;109.0;2.0;11.0;5.0;6.0;2.0;2042.0;8.0;4.0;1.0;33.0;1.0;2.0;1.0;19.0;1.0;47.0;1.0;271.0;3.0;AB_7
64;0.0;1.0;8.0;0.0;197.0;8.0;7.0;1.0;21982.0;60.0;-1.0;1.0;3.0;31.0;39.0;6.0;26.0;1.0;11.0;1.0;11789.0;33.0;2.0;1.0;12110.0;45.0;22.0;16.0;157.0;1.0;0.0;1.0;7.0;1.0;-273.0;104.0;18.0;2.0;1291.0;299.0;14.0;1.0;-115.0;43.0;62.0;0.0;457.0;34.0;-1.0;2.0;0.0;0.0;-1.0;2.0;108.0;2.0;14.0;5.0;7.0;2.0;1737.0;7.0;3.0;1.0;29.0;1.0;3.0;1.0;17.0;1.0;43.0;1.0;242.0;3.0;AB_8
65;-1.0;1.0;7.0;0.0;184.0;8.0;9.0;1.0;18227.0;51.0;-1.0;1.0;84.0;31.0;41.0;6.0;37.0;1.0;10.0;1.0;13169.0;36.0;0.0;1.0;12527.0;46.0;15.0;16.0;205.0;2.0;-1.0;1.0;7.0;1.0;-343.0;102.0;17.0;2.0;1497.0;285.0;16.0;1.0;-100.0;42.0;64.0;0.0;654.0;35.0;-3.0;2.0;0.0;0.0;4.0;2.0;100.0;2.0;6.0;5.0;5.0;2.0;1893.0;8.0;3.0;1.0;35.0;1.0;2.0;1.0;16.0;1.0;48.0;1.0;274.0;3.0;AB_9
66;0.0;1.0;9.0;1.0;202.0;8.0;10.0;1.0;23696.0;63.0;-1.0;1.0;84.0;31.0;56.0;7.0;53.0;1.0;15.0;1.0;15216.0;40.0;1.0;1.0;14214.0;50.0;27.0;16.0;224.0;2.0;1.0;1.0;9.0;1.0;-184.0;102.0;20.0;2.0;2095.0;320.0;18.0;1.0;-97.0;42.0;70.0;1.0;555.0;36.0;3.0;2.0;1.0;0.0;1.0;2.0;107.0;2.0;10.0;5.0;7.0;2.0;2278.0;9.0;-1.0;1.0;38.0;1.0;3.0;1.0;18.0;1.0;51.0;1.0;258.0;3.0;AB_11
67;0.0;1.0;8.0;0.0;196.0;8.0;8.0;1.0;16157.0;47.0;0.0;1.0;79.0;32.0;42.0;6.0;30.0;1.0;11.0;1.0;11620.0;33.0;2.0;1.0;10858.0;42.0;26.0;17.0;188.0;2.0;1.0;1.0;9.0;1.0;-350.0;105.0;17.0;2.0;1707.0;274.0;13.0;1.0;-189.0;43.0;58.0;0.0;386.0;31.0;4.0;2.0;0.0;0.0;1.0;2.0;97.0;2.0;16.0;5.0;5.0;2.0;1952.0;8.0;1.0;1.0;30.0;1.0;3.0;1.0;16.0;1.0;41.0;1.0;289.0;3.0;AB_12
68;0.0;1.0;9.0;1.0;199.0;8.0;8.0;1.0;14621.0;44.0;-2.0;1.0;63.0;31.0;55.0;6.0;40.0;1.0;14.0;1.0;14243.0;39.0;1.0;1.0;12817.0;48.0;-14.0;16.0;193.0;2.0;-1.0;1.0;8.0;1.0;-267.0;103.0;17.0;2.0;1569.0;274.0;15.0;1.0;-169.0;43.0;69.0;1.0;322.0;32.0;2.0;2.0;0.0;0.0;4.0;2.0;92.0;2.0;15.0;5.0;7.0;2.0;2034.0;8.0;3.0;1.0;35.0;1.0;4.0;1.0;19.0;1.0;51.0;1.0;288.0;3.0;AB_13
69;1.0;1.0;10.0;1.0;205.0;8.0;13.0;1.0;15439.0;45.0;0.0;1.0;135.0;31.0;47.0;6.0;56.0;1.0;10.0;1.0;14909.0;39.0;1.0;1.0;15237.0;52.0;41.0;16.0;211.0;2.0;0.0;1.0;9.0;1.0;-162.0;102.0;24.0;2.0;1660.0;277.0;15.0;1.0;-117.0;42.0;74.0;1.0;373.0;32.0;1.0;2.0;0.0;0.0;1.0;2.0;99.0;2.0;22.0;5.0;10.0;2.0;2485.0;9.0;3.0;1.0;42.0;1.0;1.0;1.0;20.0;1.0;51.0;1.0;320.0;4.0;AB_14
70;0.0;1.0;9.0;1.0;188.0;8.0;9.0;1.0;15369.0;46.0;0.0;1.0;55.0;31.0;33.0;7.0;50.0;1.0;14.0;1.0;15187.0;41.0;1.0;1.0;15212.0;53.0;1.0;16.0;212.0;2.0;0.0;1.0;9.0;1.0;-259.0;103.0;20.0;2.0;1576.0;282.0;16.0;1.0;-176.0;43.0;74.0;1.0;394.0;33.0;2.0;2.0;0.0;0.0;2.0;2.0;93.0;2.0;19.0;5.0;6.0;2.0;2449.0;9.0;2.0;1.0;43.0;1.0;1.0;1.0;22.0;1.0;53.0;1.0;338.0;4.0;AB_15
71;1.0;1.0;8.0;1.0;208.0;8.0;10.0;1.0;11725.0;37.0;-1.0;1.0;119.0;31.0;45.0;7.0;66.0;1.0;14.0;1.0;17142.0;44.0;2.0;1.0;15757.0;54.0;31.0;16.0;223.0;2.0;-2.0;1.0;10.0;1.0;-205.0;103.0;26.0;2.0;1523.0;264.0;17.0;1.0;-182.0;42.0;77.0;1.0;285.0;32.0;0.0;2.0;0.0;0.0;6.0;2.0;92.0;2.0;25.0;5.0;9.0;2.0;2613.0;10.0;2.0;1.0;46.0;1.0;2.0;1.0;22.0;1.0;58.0;1.0;316.0;4.0;AB_16
72;0.0;1.0;8.0;0.0;201.0;8.0;10.0;1.0;19682.0;54.0;-3.0;1.0;120.0;31.0;40.0;6.0;50.0;1.0;11.0;1.0;12569.0;35.0;1.0;1.0;13361.0;48.0;19.0;16.0;196.0;2.0;0.0;1.0;8.0;1.0;-263.0;103.0;19.0;2.0;1725.0;292.0;15.0;1.0;-154.0;43.0;62.0;0.0;468.0;33.0;2.0;2.0;0.0;0.0;6.0;2.0;98.0;2.0;8.0;5.0;6.0;2.0;1927.0;8.0;3.0;1.0;33.0;1.0;1.0;1.0;19.0;1.0;43.0;1.0;279.0;3.0;AB_17
73;1.0;1.0;10.0;1.0;184.0;8.0;10.0;1.0;23304.0;63.0;0.0;1.0;72.0;31.0;47.0;7.0;60.0;1.0;10.0;1.0;17136.0;44.0;1.0;1.0;16428.0;56.0;24.0;16.0;235.0;2.0;1.0;1.0;11.0;1.0;-357.0;103.0;25.0;2.0;1371.0;318.0;15.0;1.0;-170.0;43.0;78.0;1.0;281.0;34.0;5.0;2.0;0.0;0.0;5.0;2.0;110.0;2.0;17.0;5.0;7.0;2.0;2679.0;10.0;2.0;1.0;47.0;1.0;4.0;1.0;19.0;1.0;51.0;1.0;310.0;3.0;AB_18
74;0.0;1.0;9.0;1.0;200.0;8.0;9.0;2.0;19915.0;58.0;0.0;1.0;116.0;32.0;71.0;8.0;68.0;1.0;12.0;1.0;21924.0;56.0;1.0;1.0;17680.0;61.0;29.0;16.0;250.0;2.0;-1.0;1.0;11.0;1.0;-170.0;105.0;27.0;2.0;1000.0;318.0;20.0;1.0;-265.0;43.0;90.0;1.0;347.0;37.0;-3.0;2.0;1.0;0.0;1.0;2.0;96.0;2.0;17.0;5.0;7.0;2.0;3225.0;12.0;1.0;1.0;55.0;1.0;6.0;1.0;21.0;1.0;62.0;1.0;299.0;3.0;AB_19
75;1.0;1.0;11.0;1.0;190.0;8.0;9.0;2.0;22321.0;63.0;-1.0;1.0;92.0;32.0;60.0;8.0;76.0;1.0;14.0;1.0;20123.0;53.0;2.0;1.0;16123.0;58.0;-3.0;17.0;250.0;2.0;0.0;1.0;9.0;1.0;-63.0;107.0;24.0;2.0;1156.0;328.0;20.0;1.0;-130.0;44.0;81.0;1.0;610.0;39.0;1.0;2.0;1.0;0.0;6.0;2.0;112.0;2.0;22.0;5.0;8.0;2.0;2789.0;11.0;1.0;1.0;47.0;1.0;2.0;1.0;19.0;1.0;61.0;1.0;265.0;3.0;AB_20
76;0.0;1.0;8.0;1.0;175.0;8.0;9.0;1.0;27354.0;72.0;0.0;1.0;128.0;32.0;42.0;7.0;48.0;1.0;12.0;1.0;15352.0;41.0;1.0;1.0;15658.0;55.0;4.0;16.0;222.0;2.0;-1.0;1.0;9.0;1.0;-340.0;105.0;21.0;2.0;2038.0;340.0;18.0;1.0;-157.0;43.0;70.0;1.0;490.0;37.0;1.0;2.0;0.0;0.0;6.0;2.0;109.0;2.0;15.0;5.0;6.0;2.0;2298.0;9.0;3.0;1.0;42.0;1.0;2.0;1.0;16.0;1.0;54.0;1.0;280.0;3.0;AB_21
77;1.0;1.0;11.0;1.0;205.0;8.0;12.0;1.0;9947.0;34.0;1.0;1.0;103.0;31.0;56.0;8.0;74.0;1.0;13.0;1.0;21431.0;53.0;1.0;1.0;17615.0;60.0;63.0;16.0;216.0;2.0;-1.0;1.0;10.0;1.0;-481.0;103.0;24.0;2.0;2050.0;274.0;19.0;1.0;-134.0;42.0;87.0;1.0;411.0;34.0;2.0;2.0;1.0;0.0;6.0;2.0;85.0;2.0;21.0;5.0;10.0;2.0;3049.0;11.0;2.0;1.0;53.0;1.0;4.0;1.0;17.0;1.0;61.0;1.0;310.0;3.0;AB_22
78;2.0;1.0;9.0;1.0;201.0;8.0;13.0;1.0;11641.0;37.0;1.0;1.0;113.0;30.0;39.0;7.0;73.0;1.0;12.0;1.0;17194.0;43.0;2.0;1.0;16454.0;55.0;32.0;16.0;263.0;2.0;1.0;1.0;11.0;1.0;-211.0;100.0;23.0;2.0;1855.0;265.0;18.0;1.0;-245.0;41.0;81.0;1.0;408.0;32.0;3.0;2.0;0.0;0.0;2.0;2.0;88.0;2.0;17.0;5.0;5.0;2.0;2897.0;10.0;2.0;1.0;48.0;1.0;2.0;1.0;20.0;1.0;56.0;1.0;327.0;4.0;AB_23
79;0.0;1.0;10.0;1.0;202.0;8.0;10.0;1.0;24612.0;67.0;1.0;1.0;134.0;31.0;38.0;7.0;59.0;1.0;13.0;1.0;18168.0;47.0;2.0;1.0;16421.0;57.0;52.0;16.0;222.0;2.0;0.0;1.0;10.0;1.0;-44.0;104.0;25.0;2.0;1051.0;325.0;16.0;1.0;-151.0;43.0;80.0;1.0;338.0;36.0;1.0;2.0;0.0;0.0;8.0;2.0;111.0;2.0;16.0;5.0;8.0;2.0;2859.0;10.0;2.0;1.0;47.0;1.0;1.0;1.0;20.0;1.0;51.0;1.0;299.0;3.0;AB_24
80;1.0;1.0;9.0;1.0;204.0;8.0;8.0;1.0;18370.0;52.0;1.0;1.0;55.0;32.0;35.0;7.0;51.0;1.0;13.0;1.0;15567.0;42.0;2.0;1.0;14652.0;52.0;34.0;17.0;219.0;2.0;-1.0;1.0;9.0;1.0;-49.0;105.0;20.0;2.0;1696.0;297.0;20.0;1.0;-146.0;43.0;72.0;1.0;382.0;34.0;3.0;2.0;0.0;0.0;8.0;2.0;100.0;2.0;18.0;5.0;6.0;2.0;2249.0;9.0;3.0;1.0;39.0;1.0;1.0;1.0;19.0;1.0;64.0;1.0;318.0;4.0;AB_25
81;2.0;1.0;9.0;1.0;202.0;8.0;11.0;1.0;20447.0;58.0;1.0;1.0;124.0;32.0;55.0;7.0;66.0;1.0;14.0;1.0;17895.0;47.0;2.0;1.0;16268.0;56.0;11.0;16.0;228.0;2.0;0.0;1.0;11.0;1.0;-113.0;105.0;24.0;2.0;1383.0;310.0;16.0;1.0;-160.0;43.0;79.0;1.0;344.0;35.0;0.0;2.0;0.0;0.0;6.0;2.0;96.0;2.0;17.0;5.0;8.0;2.0;2783.0;10.0;2.0;1.0;47.0;1.0;3.0;1.0;18.0;1.0;55.0;1.0;339.0;4.0;AB_26
82;1.0;1.0;8.0;1.0;183.0;8.0;13.0;1.0;32920.0;86.0;0.0;1.0;145.0;31.0;51.0;7.0;59.0;1.0;16.0;1.0;17605.0;46.0;2.0;1.0;16250.0;57.0;13.0;16.0;252.0;2.0;-2.0;1.0;9.0;1.0;-204.0;104.0;25.0;2.0;1613.0;365.0;17.0;1.0;-120.0;43.0;77.0;1.0;377.0;38.0;1.0;2.0;0.0;0.0;3.0;2.0;116.0;2.0;20.0;5.0;7.0;2.0;2793.0;10.0;1.0;1.0;46.0;1.0;4.0;1.0;20.0;1.0;56.0;1.0;328.0;4.0;AB_27
83;0.0;1.0;7.0;1.0;187.0;8.0;5.0;1.0;19010.0;53.0;1.0;1.0;105.0;31.0;29.0;6.0;41.0;1.0;11.0;1.0;13809.0;38.0;2.0;1.0;14146.0;50.0;41.0;16.0;187.0;2.0;-2.0;1.0;9.0;1.0;-225.0;103.0;20.0;2.0;1771.0;292.0;17.0;1.0;-126.0;43.0;68.0;0.0;412.0;33.0;6.0;2.0;0.0;0.0;5.0;2.0;99.0;2.0;23.0;5.0;8.0;2.0;2270.0;9.0;1.0;1.0;39.0;1.0;2.0;1.0;18.0;1.0;47.0;1.0;319.0;4.0;AB_28
84;1.0;1.0;8.0;0.0;167.0;8.0;8.0;1.0;19073.0;52.0;0.0;1.0;86.0;31.0;31.0;5.0;29.0;1.0;10.0;1.0;10581.0;31.0;1.0;1.0;11470.0;43.0;21.0;16.0;166.0;1.0;0.0;1.0;5.0;1.0;-333.0;103.0;13.0;2.0;1900.0;284.0;14.0;1.0;-227.0;43.0;56.0;0.0;781.0;35.0;0.0;2.0;0.0;0.0;1.0;2.0;117.0;2.0;18.0;5.0;4.0;2.0;1532.0;7.0;2.0;1.0;26.0;1.0;2.0;1.0;16.0;1.0;42.0;1.0;263.0;3.0;AB_29
85;1.0;1.0;10.0;1.0;213.0;8.0;10.0;1.0;15314.0;46.0;1.0;1.0;77.0;31.0;58.0;7.0;58.0;1.0;12.0;1.0;19328.0;49.0;2.0;1.0;16895.0;58.0;58.0;16.0;232.0;2.0;0.0;1.0;9.0;1.0;-170.0;104.0;24.0;2.0;2221.0;296.0;17.0;1.0;-261.0;43.0;84.0;1.0;342.0;34.0;0.0;2.0;0.0;0.0;6.0;2.0;96.0;2.0;13.0;5.0;7.0;2.0;2824.0;10.0;5.0;2.0;51.0;1.0;1.0;1.0;21.0;1.0;59.0;1.0;303.0;3.0;AB_30
86;0.0;1.0;7.0;1.0;175.0;8.0;5.0;1.0;25350.0;67.0;2.0;1.0;68.0;32.0;21.0;6.0;43.0;1.0;10.0;1.0;10444.0;31.0;1.0;1.0;11751.0;45.0;10.0;17.0;163.0;1.0;1.0;1.0;7.0;1.0;-271.0;106.0;14.0;2.0;1810.0;317.0;15.0;1.0;-157.0;44.0;58.0;0.0;375.0;33.0;0.0;3.0;0.0;0.0;2.0;2.0;115.0;2.0;9.0;5.0;4.0;2.0;1610.0;7.0;2.0;1.0;27.0;1.0;3.0;1.0;17.0;1.0;42.0;1.0;258.0;3.0;AB_31
87;2.0;1.0;7.0;1.0;169.0;8.0;9.0;1.0;34654.0;89.0;-2.0;1.0;41.0;32.0;51.0;6.0;48.0;1.0;17.0;1.0;12761.0;36.0;1.0;1.0;13036.0;48.0;-2.0;17.0;204.0;2.0;-1.0;1.0;9.0;1.0;-82.0;106.0;15.0;2.0;1611.0;361.0;14.0;1.0;-205.0;43.0;64.0;1.0;401.0;37.0;4.0;2.0;0.0;0.0;4.0;2.0;124.0;2.0;16.0;5.0;8.0;2.0;2107.0;8.0;2.0;1.0;34.0;1.0;3.0;1.0;17.0;1.0;51.0;1.0;310.0;4.0;AB_32
88;1.0;1.0;8.0;1.0;196.0;8.0;6.0;1.0;17426.0;51.0;1.0;1.0;68.0;32.0;48.0;7.0;48.0;1.0;12.0;1.0;15990.0;43.0;1.0;1.0;15037.0;54.0;44.0;17.0;179.0;2.0;-1.0;1.0;9.0;1.0;-199.0;106.0;19.0;2.0;1980.0;299.0;17.0;1.0;-233.0;44.0;74.0;1.0;336.0;34.0;-1.0;3.0;0.0;0.0;6.0;2.0;100.0;2.0;27.0;6.0;5.0;2.0;2446.0;9.0;0.0;1.0;41.0;1.0;4.0;1.0;19.0;1.0;53.0;1.0;330.0;4.0;AB_33
89;2.0;1.0;8.0;1.0;175.0;8.0;5.0;1.0;32177.0;83.0;0.0;1.0;50.0;32.0;36.0;6.0;41.0;1.0;12.0;1.0;14097.0;39.0;2.0;1.0;12331.0;46.0;5.0;16.0;180.0;2.0;1.0;1.0;7.0;1.0;-70.0;104.0;20.0;2.0;1762.0;352.0;18.0;1.0;-140.0;43.0;62.0;0.0;631.0;38.0;1.0;2.0;0.0;0.0;6.0;2.0;131.0;3.0;11.0;5.0;7.0;2.0;1897.0;8.0;1.0;1.0;31.0;1.0;2.0;1.0;15.0;1.0;51.0;1.0;232.0;3.0;AB_34
90;2.0;1.0;6.0;0.0;176.0;8.0;4.0;1.0;31172.0;79.0;-1.0;1.0;113.0;32.0;27.0;5.0;25.0;1.0;10.0;1.0;9722.0;29.0;1.0;1.0;10963.0;42.0;29.0;17.0;165.0;1.0;-1.0;1.0;7.0;1.0;-127.0;104.0;13.0;2.0;1192.0;333.0;14.0;1.0;-120.0;43.0;55.0;0.0;197.0;33.0;5.0;3.0;0.0;0.0;1.0;2.0;125.0;2.0;8.0;5.0;7.0;2.0;1693.0;7.0;2.0;1.0;26.0;1.0;0.0;1.0;12.0;1.0;37.0;1.0;239.0;3.0;AB_35
91;1.0;1.0;9.0;1.0;200.0;8.0;5.0;2.0;17524.0;52.0;1.0;1.0;58.0;32.0;59.0;8.0;61.0;1.0;12.0;1.0;20163.0;53.0;2.0;1.0;16255.0;58.0;25.0;17.0;215.0;2.0;-1.0;1.0;9.0;1.0;-198.0;106.0;24.0;2.0;1928.0;312.0;20.0;1.0;-131.0;44.0;85.0;1.0;315.0;35.0;2.0;2.0;0.0;0.0;6.0;2.0;99.0;2.0;17.0;5.0;5.0;2.0;2901.0;11.0;1.0;1.0;48.0;1.0;1.0;1.0;21.0;1.0;61.0;1.0;309.0;4.0;AB_36
92;1.0;1.0;8.0;1.0;201.0;8.0;10.0;1.0;25670.0;69.0;0.0;1.0;107.0;31.0;44.0;7.0;44.0;1.0;11.0;1.0;16030.0;43.0;2.0;1.0;14430.0;52.0;38.0;16.0;187.0;2.0;-1.0;1.0;8.0;1.0;10.0;103.0;19.0;2.0;1167.0;327.0;16.0;1.0;-144.0;43.0;73.0;1.0;292.0;35.0;2.0;2.0;0.0;0.0;5.0;2.0;111.0;2.0;10.0;5.0;8.0;2.0;2321.0;9.0;2.0;1.0;39.0;1.0;2.0;1.0;19.0;1.0;52.0;1.0;280.0;3.0;AB_37
93;0.0;1.0;6.0;0.0;192.0;8.0;7.0;1.0;31400.0;81.0;0.0;1.0;53.0;32.0;22.0;5.0;19.0;1.0;9.0;1.0;9383.0;29.0;2.0;1.0;10572.0;42.0;36.0;17.0;163.0;1.0;1.0;1.0;6.0;1.0;-156.0;106.0;11.0;2.0;1381.0;338.0;13.0;1.0;-151.0;44.0;53.0;0.0;196.0;33.0;3.0;3.0;0.0;0.0;4.0;2.0;130.0;3.0;10.0;5.0;6.0;2.0;1502.0;7.0;3.0;1.0;25.0;1.0;-1.0;1.0;14.0;1.0;36.0;1.0;250.0;3.0;AB_38
94;0.0;1.0;6.0;1.0;183.0;8.0;6.0;1.0;28893.0;76.0;0.0;1.0;95.0;32.0;36.0;6.0;37.0;1.0;11.0;1.0;11544.0;34.0;1.0;1.0;12149.0;46.0;26.0;17.0;153.0;1.0;-1.0;1.0;8.0;1.0;-139.0;107.0;10.0;2.0;1789.0;339.0;18.0;1.0;-216.0;44.0;60.0;0.0;360.0;35.0;3.0;3.0;0.0;0.0;3.0;2.0;121.0;3.0;12.0;5.0;2.0;2.0;1738.0;8.0;3.0;1.0;28.0;1.0;2.0;1.0;15.0;1.0;70.0;1.0;255.0;3.0;AB_39
95;0.0;1.0;7.0;1.0;263.0;8.0;14.0;1.0;4460.0;21.0;-1.0;1.0;139.0;31.0;69.0;7.0;75.0;1.0;18.0;1.0;17025.0;44.0;2.0;1.0;16993.0;58.0;32.0;16.0;499.0;2.0;0.0;2.0;14.0;1.0;-320.0;103.0;26.0;2.0;2119.0;238.0;27.0;1.0;-183.0;43.0;71.0;1.0;331.0;31.0;1.0;2.0;0.0;0.0;4.0;2.0;86.0;2.0;19.0;5.0;9.0;2.0;3232.0;11.0;6.0;1.0;52.0;1.0;3.0;1.0;29.0;1.0;61.0;1.0;559.0;5.0;AK_1
96;0.0;1.0;8.0;1.0;265.0;8.0;11.0;2.0;6239.0;26.0;-2.0;1.0;74.0;31.0;72.0;8.0;71.0;1.0;18.0;1.0;18971.0;49.0;2.0;1.0;16788.0;59.0;60.0;16.0;473.0;2.0;0.0;2.0;11.0;1.0;-169.0;104.0;27.0;2.0;1639.0;248.0;28.0;1.0;-217.0;43.0;71.0;1.0;269.0;32.0;5.0;2.0;0.0;0.0;0.0;2.0;80.0;2.0;12.0;5.0;8.0;2.0;3477.0;12.0;3.0;1.0;55.0;1.0;2.0;1.0;29.0;1.0;57.0;1.0;530.0;5.0;AK_2
97;1.0;1.0;9.0;1.0;253.0;8.0;18.0;1.0;17618.0;52.0;1.0;1.0;64.0;31.0;73.0;7.0;75.0;1.0;18.0;1.0;18834.0;48.0;1.0;1.0;16920.0;58.0;-2.0;16.0;430.0;2.0;-2.0;1.0;13.0;1.0;-373.0;103.0;29.0;2.0;2034.0;308.0;22.0;1.0;-174.0;43.0;69.0;1.0;279.0;34.0;2.0;2.0;0.0;0.0;3.0;2.0;110.0;2.0;19.0;5.0;7.0;2.0;3402.0;12.0;3.0;1.0;53.0;1.0;3.0;1.0;32.0;1.0;50.0;1.0;520.0;5.0;AK_3
98;0.0;1.0;7.0;1.0;226.0;8.0;10.0;2.0;3634.0;18.0;0.0;1.0;177.0;31.0;39.0;6.0;67.0;1.0;15.0;1.0;14109.0;39.0;2.0;1.0;14908.0;53.0;29.0;16.0;586.0;3.0;-1.0;2.0;13.0;1.0;-219.0;103.0;20.0;2.0;1855.0;219.0;26.0;1.0;-105.0;43.0;66.0;1.0;255.0;28.0;3.0;2.0;0.0;0.0;2.0;2.0;86.0;2.0;22.0;5.0;6.0;2.0;3365.0;11.0;3.0;1.0;50.0;1.0;2.0;1.0;28.0;1.0;51.0;1.0;595.0;5.0;AK_3
99;1.0;1.0;7.0;1.0;251.0;8.0;11.0;2.0;4981.0;22.0;1.0;1.0;128.0;32.0;60.0;7.0;79.0;1.0;18.0;1.0;15498.0;42.0;1.0;1.0;15920.0;56.0;32.0;17.0;443.0;2.0;2.0;2.0;14.0;1.0;-324.0;105.0;19.0;2.0;1992.0;234.0;27.0;1.0;-185.0;44.0;69.0;1.0;246.0;30.0;2.0;2.0;0.0;0.0;6.0;2.0;86.0;2.0;11.0;5.0;10.0;2.0;3502.0;12.0;3.0;1.0;52.0;1.0;4.0;1.0;25.0;1.0;55.0;1.0;571.0;5.0;AK_5
100;0.0;1.0;9.0;1.0;256.0;8.0;8.0;2.0;4459.0;21.0;-1.0;1.0;103.0;32.0;64.0;8.0;72.0;1.0;21.0;1.0;19397.0;51.0;1.0;1.0;17002.0;60.0;29.0;17.0;454.0;2.0;0.0;2.0;15.0;1.0;-103.0;106.0;24.0;2.0;2042.0;246.0;23.0;1.0;-197.0;44.0;74.0;1.0;290.0;32.0;1.0;2.0;0.0;0.0;4.0;2.0;90.0;2.0;13.0;5.0;8.0;2.0;3326.0;12.0;3.0;1.0;55.0;1.0;3.0;1.0;28.0;1.0;58.0;1.0;545.0;5.0;AK_6
101;-1.0;1.0;8.0;1.0;257.0;8.0;13.0;2.0;3474.0;18.0;-1.0;1.0;134.0;32.0;51.0;7.0;66.0;1.0;21.0;1.0;14767.0;40.0;1.0;1.0;15532.0;54.0;10.0;16.0;485.0;2.0;-2.0;2.0;14.0;1.0;-290.0;105.0;19.0;2.0;1496.0;216.0;28.0;1.0;-185.0;43.0;70.0;1.0;341.0;30.0;2.0;2.0;0.0;0.0;1.0;2.0;85.0;2.0;19.0;5.0;6.0;2.0;3322.0;11.0;2.0;1.0;51.0;1.0;4.0;1.0;26.0;1.0;53.0;1.0;591.0;6.0;AK_7
102;0.0;1.0;6.0;1.0;202.0;8.0;8.0;1.0;3438.0;18.0;-2.0;1.0;93.0;31.0;34.0;6.0;56.0;1.0;14.0;1.0;12841.0;36.0;1.0;1.0;14157.0;51.0;28.0;16.0;530.0;3.0;-1.0;1.0;11.0;1.0;-267.0;102.0;17.0;2.0;2594.0;224.0;26.0;1.0;-146.0;42.0;58.0;0.0;253.0;28.0;1.0;2.0;0.0;0.0;1.0;2.0;73.0;2.0;20.0;5.0;8.0;2.0;3132.0;11.0;3.0;1.0;45.0;1.0;4.0;1.0;22.0;1.0;51.0;1.0;459.0;5.0;AK_8
103;1.0;1.0;10.0;1.0;272.0;8.0;12.0;2.0;4142.0;21.0;0.0;1.0;102.0;32.0;71.0;8.0;83.0;1.0;18.0;1.0;20842.0;55.0;1.0;1.0;17103.0;60.0;20.0;17.0;479.0;3.0;0.0;2.0;12.0;1.0;-351.0;107.0;25.0;2.0;1446.0;239.0;23.0;1.0;-239.0;44.0;76.0;1.0;320.0;33.0;8.0;3.0;0.0;0.0;3.0;2.0;91.0;2.0;16.0;5.0;8.0;2.0;3654.0;13.0;4.0;2.0;62.0;1.0;4.0;1.0;30.0;1.0;58.0;1.0;579.0;6.0;AK_9
104;1.0;1.0;7.0;1.0;225.0;8.0;11.0;2.0;3548.0;18.0;0.0;1.0;65.0;32.0;33.0;6.0;60.0;1.0;12.0;1.0;13555.0;38.0;2.0;1.0;14919.0;53.0;17.0;16.0;533.0;3.0;0.0;2.0;12.0;1.0;-170.0;104.0;16.0;2.0;2144.0;221.0;25.0;1.0;-155.0;43.0;61.0;0.0;274.0;28.0;2.0;2.0;0.0;0.0;4.0;2.0;82.0;2.0;16.0;5.0;7.0;2.0;3104.0;11.0;4.0;1.0;48.0;1.0;4.0;1.0;23.0;1.0;49.0;1.0;530.0;5.0;AK_10
105;0.0;1.0;9.0;1.0;256.0;8.0;12.0;2.0;4477.0;21.0;-1.0;1.0;84.0;32.0;69.0;8.0;71.0;1.0;17.0;1.0;19390.0;51.0;1.0;1.0;16417.0;57.0;28.0;17.0;419.0;2.0;-3.0;2.0;13.0;1.0;-284.0;106.0;25.0;2.0;1918.0;240.0;28.0;1.0;-180.0;44.0;74.0;1.0;228.0;31.0;4.0;2.0;0.0;0.0;8.0;2.0;83.0;2.0;11.0;5.0;10.0;2.0;3546.0;12.0;3.0;1.0;54.0;1.0;6.0;1.0;28.0;1.0;55.0;1.0;569.0;5.0;AK_11
106;0.0;1.0;9.0;1.0;262.0;8.0;14.0;2.0;4165.0;20.0;1.0;1.0;77.0;32.0;60.0;7.0;71.0;1.0;21.0;1.0;16707.0;45.0;2.0;1.0;16296.0;56.0;10.0;17.0;484.0;2.0;1.0;2.0;15.0;1.0;-386.0;105.0;20.0;2.0;1934.0;229.0;26.0;1.0;-142.0;43.0;73.0;1.0;282.0;30.0;1.0;2.0;0.0;0.0;6.0;2.0;91.0;2.0;18.0;5.0;8.0;2.0;3453.0;12.0;3.0;1.0;52.0;1.0;0.0;1.0;25.0;1.0;60.0;1.0;580.0;5.0;AK_12
107;2.0;1.0;8.0;1.0;267.0;8.0;14.0;2.0;3934.0;20.0;0.0;1.0;90.0;32.0;68.0;7.0;64.0;1.0;21.0;1.0;18085.0;47.0;1.0;1.0;16185.0;56.0;-13.0;17.0;452.0;2.0;-2.0;2.0;12.0;1.0;-280.0;106.0;21.0;2.0;1293.0;222.0;24.0;1.0;-178.0;44.0;73.0;1.0;219.0;30.0;3.0;2.0;0.0;0.0;2.0;2.0;86.0;2.0;9.0;5.0;12.0;2.0;3411.0;12.0;6.0;2.0;52.0;1.0;4.0;1.0;31.0;1.0;54.0;1.0;547.0;5.0;AK_13
108;0.0;1.0;8.0;1.0;249.0;8.0;11.0;2.0;3385.0;18.0;1.0;1.0;110.0;32.0;55.0;7.0;72.0;1.0;13.0;1.0;16136.0;44.0;2.0;1.0;15422.0;55.0;20.0;17.0;512.0;3.0;-3.0;2.0;14.0;1.0;-223.0;106.0;22.0;2.0;1692.0;222.0;27.0;1.0;-181.0;44.0;72.0;1.0;218.0;29.0;5.0;2.0;0.0;0.0;2.0;2.0;86.0;2.0;21.0;5.0;9.0;2.0;3479.0;12.0;0.0;1.0;52.0;1.0;3.0;1.0;27.0;1.0;53.0;1.0;614.0;6.0;AK_14
109;0.0;1.0;7.0;1.0;257.0;8.0;12.0;2.0;3700.0;19.0;0.0;1.0;108.0;31.0;58.0;7.0;72.0;1.0;12.0;1.0;14523.0;40.0;0.0;1.0;15368.0;53.0;37.0;16.0;531.0;3.0;2.0;2.0;12.0;1.0;-285.0;104.0;20.0;2.0;1863.0;219.0;21.0;1.0;-192.0;43.0;70.0;1.0;230.0;28.0;1.0;2.0;0.0;0.0;6.0;2.0;90.0;2.0;17.0;5.0;7.0;2.0;3323.0;11.0;4.0;1.0;49.0;1.0;4.0;1.0;27.0;1.0;49.0;1.0;590.0;5.0;AK_15
110;0.0;1.0;9.0;1.0;253.0;8.0;11.0;2.0;3676.0;19.0;-2.0;1.0;93.0;32.0;45.0;7.0;70.0;1.0;17.0;1.0;16846.0;46.0;1.0;1.0;15542.0;55.0;33.0;17.0;510.0;3.0;4.0;2.0;14.0;1.0;-224.0;107.0;21.0;2.0;1923.0;229.0;25.0;1.0;-224.0;44.0;72.0;1.0;252.0;30.0;2.0;3.0;0.0;0.0;2.0;2.0;84.0;2.0;22.0;5.0;10.0;2.0;3563.0;12.0;1.0;1.0;54.0;1.0;3.0;1.0;27.0;1.0;53.0;1.0;589.0;6.0;AK_16
111;-2.0;1.0;10.0;1.0;247.0;9.0;8.0;2.0;5024.0;23.0;-1.0;1.0;136.0;33.0;70.0;8.0;79.0;1.0;17.0;1.0;20898.0;56.0;1.0;1.0;17080.0;61.0;2.0;17.0;433.0;2.0;1.0;2.0;14.0;1.0;-183.0;108.0;28.0;2.0;1918.0;252.0;25.0;1.0;-126.0;45.0;79.0;1.0;241.0;32.0;4.0;3.0;0.0;0.0;7.0;2.0;84.0;2.0;24.0;6.0;7.0;2.0;3494.0;12.0;6.0;2.0;57.0;1.0;4.0;1.0;27.0;1.0;58.0;1.0;576.0;6.0;AK_17
112;1.0;1.0;9.0;1.0;258.0;9.0;7.0;2.0;4364.0;22.0;-3.0;1.0;138.0;33.0;54.0;8.0;77.0;1.0;20.0;1.0;22126.0;58.0;2.0;1.0;16839.0;60.0;34.0;17.0;439.0;2.0;0.0;2.0;14.0;1.0;-265.0;108.0;31.0;2.0;925.0;237.0;23.0;1.0;-253.0;45.0;79.0;1.0;192.0;32.0;-3.0;3.0;0.0;0.0;2.0;2.0;92.0;2.0;26.0;6.0;11.0;2.0;3623.0;13.0;1.0;1.0;56.0;1.0;4.0;1.0;31.0;1.0;52.0;1.0;550.0;5.0;AK_18
113;1.0;1.0;11.0;1.0;274.0;8.0;10.0;2.0;4858.0;22.0;-1.0;1.0;137.0;32.0;70.0;8.0;81.0;1.0;21.0;1.0;21799.0;57.0;2.0;1.0;17001.0;60.0;43.0;17.0;465.0;2.0;-2.0;2.0;14.0;1.0;-209.0;108.0;30.0;2.0;1668.0;245.0;22.0;1.0;-134.0;44.0;78.0;1.0;319.0;33.0;-2.0;3.0;0.0;0.0;2.0;2.0;94.0;2.0;31.0;6.0;6.0;2.0;3540.0;12.0;2.0;1.0;57.0;1.0;4.0;1.0;33.0;1.0;58.0;1.0;570.0;6.0;AK_19
114;-1.0;1.0;8.0;1.0;261.0;8.0;11.0;2.0;3815.0;19.0;0.0;1.0;125.0;32.0;63.0;7.0;77.0;1.0;25.0;1.0;17752.0;47.0;1.0;1.0;15932.0;55.0;36.0;17.0;459.0;2.0;0.0;2.0;13.0;1.0;-168.0;106.0;24.0;2.0;1990.0;229.0;27.0;1.0;-118.0;44.0;74.0;1.0;281.0;30.0;2.0;2.0;0.0;0.0;3.0;2.0;89.0;2.0;22.0;5.0;9.0;2.0;3347.0;12.0;3.0;1.0;53.0;1.0;5.0;1.0;28.0;1.0;57.0;1.0;587.0;6.0;AK_20
115;2.0;1.0;9.0;1.0;264.0;8.0;11.0;2.0;3815.0;19.0;0.0;1.0;64.0;31.0;54.0;7.0;77.0;1.0;14.0;1.0;16325.0;43.0;2.0;1.0;15952.0;55.0;16.0;16.0;529.0;3.0;-4.0;1.0;13.0;1.0;-388.0;104.0;23.0;2.0;1743.0;223.0;26.0;1.0;-173.0;43.0;71.0;1.0;228.0;29.0;-4.0;2.0;0.0;0.0;4.0;2.0;89.0;2.0;16.0;5.0;9.0;2.0;3487.0;12.0;4.0;1.0;54.0;1.0;3.0;1.0;27.0;1.0;55.0;1.0;548.0;5.0;AK_21
116;0.0;1.0;8.0;1.0;266.0;8.0;13.0;2.0;3702.0;19.0;2.0;1.0;94.0;32.0;73.0;7.0;66.0;1.0;15.0;1.0;16417.0;45.0;1.0;1.0;15560.0;55.0;18.0;17.0;534.0;3.0;-1.0;2.0;13.0;1.0;-252.0;107.0;24.0;2.0;1841.0;226.0;26.0;1.0;-203.0;44.0;72.0;1.0;184.0;29.0;2.0;3.0;0.0;0.0;5.0;2.0;92.0;2.0;22.0;5.0;10.0;2.0;3503.0;12.0;4.0;2.0;52.0;1.0;5.0;1.0;28.0;1.0;51.0;1.0;616.0;6.0;AK_22
117;-1.0;1.0;10.0;1.0;261.0;8.0;10.0;2.0;5096.0;23.0;-4.0;1.0;110.0;32.0;78.0;8.0;72.0;1.0;19.0;1.0;19912.0;53.0;1.0;1.0;16734.0;59.0;32.0;17.0;415.0;2.0;1.0;2.0;14.0;1.0;-154.0;107.0;21.0;2.0;1899.0;246.0;25.0;1.0;-161.0;44.0;75.0;1.0;298.0;32.0;4.0;2.0;1.0;0.0;5.0;2.0;89.0;2.0;18.0;5.0;10.0;2.0;3193.0;12.0;2.0;1.0;54.0;1.0;3.0;1.0;26.0;1.0;59.0;1.0;555.0;5.0;AK_23
118;3.0;1.0;8.0;1.0;252.0;9.0;10.0;2.0;4491.0;21.0;0.0;1.0;88.0;32.0;57.0;7.0;60.0;1.0;19.0;1.0;16541.0;45.0;1.0;1.0;15889.0;56.0;24.0;17.0;455.0;2.0;2.0;2.0;13.0;1.0;-113.0;106.0;24.0;2.0;1498.0;227.0;28.0;1.0;-233.0;44.0;72.0;1.0;259.0;30.0;2.0;3.0;0.0;0.0;3.0;2.0;90.0;2.0;15.0;5.0;10.0;2.0;3408.0;12.0;1.0;1.0;51.0;1.0;3.0;1.0;26.0;1.0;58.0;1.0;564.0;6.0;AK_24
119;0.0;1.0;9.0;1.0;288.0;9.0;11.0;2.0;4992.0;22.0;-1.0;1.0;55.0;33.0;69.0;8.0;64.0;1.0;20.0;1.0;19782.0;52.0;2.0;1.0;16788.0;58.0;35.0;17.0;459.0;2.0;-2.0;2.0;13.0;1.0;-340.0;108.0;26.0;2.0;1662.0;238.0;26.0;1.0;-197.0;44.0;75.0;1.0;244.0;31.0;3.0;3.0;0.0;0.0;5.0;2.0;93.0;2.0;26.0;6.0;11.0;2.0;3422.0;12.0;2.0;1.0;56.0;1.0;3.0;1.0;31.0;1.0;60.0;1.0;590.0;6.0;AK_25
120;1.0;1.0;9.0;1.0;256.0;9.0;7.0;2.0;4836.0;22.0;2.0;1.0;96.0;33.0;55.0;8.0;63.0;1.0;18.0;1.0;17817.0;48.0;1.0;1.0;16494.0;58.0;-15.0;17.0;517.0;3.0;0.0;2.0;13.0;1.0;-221.0;109.0;22.0;2.0;1916.0;241.0;30.0;1.0;-237.0;45.0;74.0;1.0;259.0;31.0;7.0;3.0;0.0;0.0;1.0;2.0;90.0;2.0;12.0;5.0;6.0;2.0;3516.0;12.0;1.0;1.0;53.0;1.0;4.0;1.0;29.0;1.0;58.0;1.0;576.0;6.0;AK_26
121;-1.0;1.0;8.0;1.0;268.0;9.0;5.0;2.0;3835.0;19.0;-3.0;1.0;107.0;33.0;58.0;7.0;73.0;1.0;17.0;1.0;15996.0;44.0;1.0;1.0;15680.0;56.0;23.0;17.0;501.0;3.0;-2.0;2.0;14.0;1.0;-169.0;108.0;17.0;2.0;1815.0;227.0;25.0;1.0;-231.0;45.0;71.0;1.0;221.0;29.0;3.0;3.0;0.0;0.0;5.0;2.0;90.0;2.0;17.0;5.0;7.0;2.0;3455.0;12.0;4.0;2.0;50.0;1.0;5.0;1.0;28.0;1.0;54.0;1.0;609.0;6.0;AK_27
122;2.0;1.0;7.0;1.0;261.0;8.0;11.0;2.0;4785.0;22.0;1.0;1.0;83.0;32.0;47.0;8.0;68.0;1.0;20.0;1.0;18505.0;49.0;0.0;1.0;16217.0;57.0;-5.0;17.0;545.0;3.0;0.0;2.0;14.0;1.0;-303.0;106.0;27.0;2.0;2292.0;243.0;29.0;1.0;-142.0;44.0;73.0;1.0;327.0;31.0;3.0;2.0;0.0;0.0;3.0;2.0;91.0;2.0;21.0;5.0;7.0;2.0;3399.0;12.0;3.0;1.0;54.0;1.0;6.0;1.0;30.0;1.0;61.0;1.0;558.0;5.0;AK_28
123;1.0;1.0;8.0;1.0;242.0;9.0;7.0;2.0;3826.0;19.0;0.0;1.0;95.0;33.0;56.0;7.0;72.0;1.0;16.0;1.0;16843.0;46.0;2.0;1.0;15692.0;56.0;2.0;17.0;452.0;2.0;0.0;2.0;14.0;1.0;-354.0;108.0;20.0;2.0;2139.0;232.0;26.0;1.0;-199.0;45.0;73.0;1.0;170.0;29.0;2.0;3.0;0.0;0.0;3.0;2.0;92.0;2.0;10.0;5.0;10.0;2.0;3254.0;11.0;1.0;1.0;51.0;1.0;2.0;1.0;27.0;1.0;55.0;1.0;582.0;6.0;AK_29
124;1.0;1.0;9.0;1.0;259.0;8.0;13.0;2.0;4502.0;21.0;-1.0;1.0;104.0;32.0;44.0;7.0;63.0;1.0;15.0;1.0;16398.0;44.0;1.0;1.0;15773.0;55.0;11.0;16.0;420.0;2.0;1.0;2.0;14.0;1.0;-224.0;105.0;20.0;2.0;1661.0;226.0;26.0;1.0;-210.0;43.0;68.0;1.0;241.0;29.0;2.0;2.0;0.0;0.0;8.0;2.0;84.0;2.0;16.0;5.0;3.0;2.0;3355.0;12.0;3.0;1.0;50.0;1.0;6.0;1.0;28.0;1.0;50.0;1.0;573.0;5.0;AK_30
125;1.0;1.0;8.0;1.0;238.0;8.0;12.0;2.0;3695.0;19.0;1.0;1.0;129.0;32.0;80.0;8.0;71.0;1.0;16.0;1.0;17995.0;49.0;2.0;1.0;15994.0;57.0;33.0;17.0;506.0;3.0;-2.0;2.0;14.0;1.0;-315.0;107.0;23.0;2.0;1516.0;228.0;27.0;1.0;-187.0;44.0;75.0;1.0;298.0;31.0;4.0;3.0;0.0;0.0;5.0;2.0;86.0;2.0;19.0;5.0;9.0;2.0;3291.0;12.0;2.0;1.0;53.0;1.0;3.0;1.0;27.0;1.0;57.0;1.0;566.0;6.0;AK_31
126;2.0;1.0;9.0;1.0;255.0;8.0;7.0;2.0;3941.0;20.0;1.0;1.0;119.0;32.0;72.0;8.0;68.0;1.0;14.0;1.0;18598.0;49.0;2.0;1.0;16294.0;57.0;31.0;17.0;499.0;2.0;-3.0;2.0;14.0;1.0;-249.0;106.0;23.0;2.0;1605.0;229.0;24.0;1.0;-196.0;44.0;76.0;1.0;252.0;30.0;3.0;3.0;0.0;0.0;1.0;2.0;90.0;2.0;23.0;5.0;7.0;2.0;3405.0;12.0;4.0;2.0;52.0;1.0;3.0;1.0;30.0;1.0;56.0;1.0;558.0;5.0;AK_32
127;0.0;1.0;8.0;1.0;255.0;8.0;11.0;2.0;4298.0;21.0;2.0;1.0;133.0;32.0;57.0;7.0;72.0;1.0;16.0;1.0;16126.0;43.0;1.0;1.0;16804.0;58.0;21.0;17.0;515.0;3.0;1.0;2.0;14.0;1.0;-182.0;105.0;21.0;2.0;2549.0;241.0;27.0;1.0;-263.0;43.0;73.0;1.0;244.0;30.0;-2.0;2.0;0.0;0.0;3.0;2.0;96.0;2.0;28.0;5.0;11.0;2.0;3553.0;12.0;4.0;1.0;57.0;1.0;3.0;1.0;28.0;1.0;55.0;1.0;604.0;6.0;AK_33
128;1.0;1.0;8.0;1.0;276.0;9.0;10.0;2.0;4972.0;23.0;1.0;1.0;199.0;33.0;94.0;8.0;79.0;1.0;18.0;1.0;18783.0;50.0;2.0;1.0;16767.0;59.0;21.0;17.0;437.0;2.0;-4.0;2.0;13.0;1.0;-303.0;107.0;24.0;2.0;1942.0;247.0;28.0;1.0;-194.0;44.0;74.0;1.0;216.0;31.0;1.0;3.0;0.0;0.0;6.0;2.0;88.0;2.0;7.0;5.0;9.0;2.0;3456.0;12.0;5.0;2.0;53.0;1.0;2.0;1.0;26.0;1.0;55.0;1.0;595.0;6.0;AK_34
129;0.0;1.0;8.0;1.0;269.0;8.0;15.0;2.0;4062.0;20.0;0.0;1.0;131.0;31.0;73.0;7.0;73.0;1.0;21.0;1.0;17377.0;46.0;1.0;1.0;16421.0;57.0;10.0;16.0;533.0;3.0;-1.0;2.0;14.0;1.0;-413.0;104.0;21.0;2.0;2163.0;235.0;30.0;1.0;-228.0;43.0;73.0;1.0;266.0;30.0;2.0;2.0;0.0;0.0;2.0;2.0;88.0;2.0;20.0;5.0;9.0;2.0;3574.0;12.0;5.0;1.0;55.0;1.0;5.0;1.0;26.0;1.0;51.0;1.0;599.0;6.0;AK_35
130;0.0;1.0;9.0;1.0;248.0;9.0;11.0;2.0;5571.0;24.0;0.0;1.0;72.0;33.0;92.0;8.0;73.0;1.0;18.0;1.0;20132.0;53.0;1.0;1.0;17046.0;60.0;-2.0;17.0;509.0;3.0;-3.0;2.0;13.0;1.0;-243.0;107.0;29.0;2.0;2140.0;256.0;25.0;1.0;-112.0;45.0;75.0;1.0;350.0;33.0;4.0;3.0;0.0;0.0;9.0;2.0;91.0;2.0;23.0;6.0;8.0;2.0;3442.0;12.0;3.0;1.0;57.0;1.0;5.0;1.0;30.0;1.0;62.0;1.0;565.0;6.0;AK_36
131;0.0;1.0;9.0;1.0;264.0;8.0;11.0;2.0;4544.0;21.0;-1.0;1.0;75.0;32.0;67.0;7.0;68.0;1.0;20.0;1.0;17758.0;47.0;1.0;1.0;16700.0;58.0;26.0;17.0;468.0;2.0;0.0;2.0;13.0;1.0;-173.0;107.0;25.0;2.0;1369.0;231.0;26.0;1.0;-156.0;44.0;75.0;1.0;302.0;31.0;1.0;2.0;0.0;0.0;4.0;2.0;91.0;2.0;17.0;5.0;9.0;2.0;3413.0;12.0;3.0;1.0;53.0;1.0;6.0;1.0;29.0;1.0;60.0;1.0;553.0;5.0;AK_37
132;-1.0;1.0;11.0;1.0;255.0;8.0;11.0;2.0;5438.0;24.0;1.0;1.0;71.0;32.0;58.0;8.0;79.0;1.0;21.0;1.0;20339.0;53.0;2.0;1.0;16466.0;59.0;20.0;17.0;515.0;3.0;1.0;2.0;13.0;1.0;-323.0;107.0;28.0;2.0;1765.0;249.0;23.0;1.0;-233.0;44.0;75.0;1.0;259.0;32.0;1.0;3.0;0.0;0.0;7.0;2.0;90.0;2.0;19.0;5.0;7.0;2.0;3334.0;12.0;3.0;1.0;56.0;1.0;3.0;1.0;30.0;1.0;55.0;1.0;539.0;5.0;AK_38
133;0.0;1.0;10.0;1.0;247.0;8.0;10.0;2.0;4885.0;23.0;1.0;1.0;105.0;33.0;82.0;8.0;69.0;1.0;21.0;1.0;20183.0;53.0;3.0;1.0;16909.0;60.0;38.0;17.0;427.0;2.0;-4.0;2.0;13.0;1.0;-201.0;107.0;24.0;2.0;2120.0;251.0;26.0;1.0;-173.0;44.0;76.0;1.0;354.0;33.0;4.0;3.0;0.0;0.0;3.0;2.0;90.0;2.0;11.0;5.0;5.0;2.0;3523.0;12.0;6.0;2.0;54.0;1.0;4.0;1.0;29.0;1.0;60.0;1.0;556.0;5.0;AK_39
134;2.0;1.0;9.0;1.0;262.0;8.0;10.0;2.0;5544.0;24.0;0.0;1.0;83.0;32.0;63.0;8.0;80.0;1.0;21.0;1.0;19842.0;52.0;2.0;1.0;16757.0;59.0;38.0;17.0;532.0;3.0;0.0;2.0;13.0;1.0;-101.0;108.0;29.0;2.0;2260.0;254.0;27.0;1.0;-164.0;44.0;74.0;1.0;317.0;32.0;-1.0;3.0;0.0;0.0;6.0;2.0;90.0;2.0;23.0;5.0;7.0;2.0;3560.0;12.0;3.0;1.0;54.0;1.0;4.0;1.0;31.0;1.0;60.0;1.0;571.0;6.0;AK_40
135;1.0;1.0;9.0;1.0;274.0;8.0;16.0;1.0;5251.0;22.0;1.0;1.0;126.0;30.0;61.0;7.0;88.0;1.0;20.0;1.0;19557.0;49.0;1.0;1.0;17268.0;58.0;48.0;16.0;418.0;2.0;0.0;1.0;13.0;1.0;-336.0;102.0;32.0;2.0;2014.0;239.0;23.0;1.0;-248.0;42.0;74.0;1.0;315.0;31.0;3.0;2.0;0.0;0.0;1.0;2.0;80.0;2.0;22.0;5.0;6.0;2.0;3395.0;12.0;5.0;1.0;53.0;1.0;5.0;1.0;30.0;1.0;61.0;1.0;531.0;5.0;JZ_1
136;0.0;1.0;10.0;1.0;274.0;8.0;17.0;1.0;5887.0;24.0;-1.0;1.0;180.0;31.0;79.0;8.0;83.0;1.0;20.0;1.0;21555.0;54.0;2.0;1.0;17613.0;60.0;56.0;16.0;375.0;2.0;1.0;1.0;13.0;1.0;-212.0;103.0;32.0;2.0;2878.0;260.0;24.0;1.0;-178.0;42.0;77.0;1.0;404.0;33.0;2.0;2.0;0.0;0.0;3.0;2.0;88.0;2.0;26.0;5.0;8.0;2.0;3502.0;12.0;3.0;1.0;55.0;1.0;3.0;1.0;28.0;1.0;73.0;1.0;492.0;5.0;JZ_3
137;1.0;1.0;10.0;1.0;272.0;8.0;17.0;1.0;7905.0;29.0;0.0;1.0;140.0;31.0;58.0;8.0;77.0;1.0;16.0;1.0;22056.0;54.0;1.0;1.0;17499.0;59.0;28.0;16.0;295.0;2.0;-1.0;1.0;10.0;1.0;1.0;103.0;31.0;2.0;2573.0;266.0;21.0;1.0;-102.0;42.0;75.0;1.0;372.0;33.0;4.0;2.0;0.0;0.0;9.0;2.0;81.0;2.0;20.0;5.0;9.0;2.0;3245.0;11.0;2.0;1.0;55.0;1.0;4.0;1.0;25.0;1.0;62.0;1.0;467.0;5.0;JZ_4
138;2.0;1.0;10.0;1.0;266.0;8.0;14.0;1.0;5094.0;22.0;-1.0;1.0;132.0;31.0;62.0;8.0;70.0;1.0;18.0;1.0;21529.0;54.0;2.0;1.0;16576.0;57.0;48.0;16.0;319.0;2.0;3.0;1.0;12.0;1.0;-111.0;104.0;34.0;2.0;1473.0;237.0;25.0;1.0;-211.0;43.0;75.0;1.0;358.0;32.0;5.0;2.0;0.0;0.0;4.0;2.0;77.0;2.0;13.0;5.0;13.0;2.0;3267.0;11.0;2.0;1.0;54.0;1.0;2.0;1.0;27.0;1.0;77.0;1.0;492.0;5.0;JZ_5
139;1.0;1.0;11.0;1.0;271.0;8.0;15.0;1.0;4951.0;22.0;-1.0;1.0;107.0;31.0;67.0;8.0;66.0;1.0;21.0;1.0;19873.0;50.0;2.0;1.0;16048.0;55.0;14.0;16.0;297.0;2.0;-2.0;1.0;12.0;1.0;-245.0;103.0;30.0;2.0;1249.0;228.0;24.0;1.0;-177.0;42.0;74.0;1.0;286.0;30.0;0.0;2.0;0.0;0.0;5.0;2.0;78.0;2.0;16.0;5.0;10.0;2.0;3118.0;11.0;3.0;1.0;52.0;1.0;3.0;1.0;27.0;1.0;72.0;1.0;492.0;5.0;JZ_6
140;0.0;1.0;8.0;1.0;261.0;8.0;15.0;1.0;9089.0;31.0;0.0;1.0;119.0;31.0;54.0;7.0;63.0;1.0;22.0;1.0;15492.0;41.0;2.0;1.0;14826.0;51.0;43.0;16.0;253.0;2.0;0.0;1.0;12.0;1.0;-252.0;102.0;25.0;2.0;2975.0;260.0;27.0;1.0;-207.0;42.0;65.0;0.0;333.0;30.0;-1.0;2.0;0.0;0.0;6.0;2.0;76.0;2.0;16.0;5.0;6.0;2.0;2983.0;10.0;3.0;1.0;46.0;1.0;2.0;1.0;23.0;1.0;73.0;1.0;510.0;5.0;JZ_7
141;0.0;1.0;10.0;1.0;281.0;8.0;16.0;1.0;5068.0;22.0;0.0;1.0;87.0;32.0;59.0;8.0;70.0;1.0;19.0;1.0;20021.0;51.0;1.0;1.0;17186.0;58.0;28.0;17.0;363.0;2.0;-3.0;2.0;13.0;1.0;-163.0;105.0;28.0;2.0;1756.0;236.0;23.0;1.0;-179.0;43.0;77.0;1.0;334.0;31.0;2.0;2.0;0.0;0.0;4.0;2.0;80.0;2.0;25.0;5.0;8.0;2.0;3294.0;11.0;4.0;1.0;53.0;1.0;4.0;1.0;28.0;1.0;60.0;1.0;539.0;5.0;JZ_8
142;1.0;1.0;8.0;1.0;276.0;8.0;17.0;1.0;5016.0;22.0;-1.0;1.0;46.0;31.0;47.0;7.0;66.0;1.0;23.0;1.0;18347.0;47.0;0.0;1.0;15750.0;54.0;22.0;16.0;364.0;2.0;-2.0;1.0;11.0;1.0;-273.0;103.0;24.0;2.0;1548.0;228.0;25.0;1.0;-170.0;43.0;74.0;1.0;425.0;31.0;2.0;2.0;0.0;0.0;3.0;2.0;80.0;2.0;23.0;5.0;8.0;2.0;3069.0;11.0;3.0;1.0;51.0;1.0;4.0;1.0;23.0;1.0;70.0;1.0;544.0;5.0;JZ_9
143;-1.0;1.0;9.0;1.0;248.0;8.0;9.0;2.0;3954.0;20.0;-1.0;1.0;135.0;32.0;91.0;7.0;68.0;1.0;14.0;1.0;17235.0;46.0;0.0;1.0;16504.0;59.0;2.0;17.0;385.0;2.0;2.0;2.0;13.0;1.0;-70.0;105.0;20.0;2.0;1519.0;232.0;24.0;1.0;-69.0;44.0;74.0;1.0;307.0;31.0;2.0;2.0;0.0;0.0;1.0;2.0;84.0;2.0;12.0;5.0;8.0;2.0;3337.0;12.0;3.0;1.0;52.0;1.0;2.0;1.0;25.0;1.0;58.0;1.0;540.0;5.0;JZ_11
144;0.0;1.0;7.0;1.0;267.0;8.0;13.0;1.0;6139.0;24.0;-1.0;1.0;120.0;31.0;48.0;6.0;53.0;1.0;21.0;1.0;13508.0;37.0;0.0;1.0;14744.0;52.0;22.0;16.0;301.0;2.0;0.0;2.0;11.0;1.0;57.0;102.0;23.0;2.0;2235.0;236.0;25.0;1.0;-180.0;42.0;64.0;0.0;371.0;30.0;0.0;2.0;0.0;0.0;1.0;2.0;81.0;2.0;13.0;5.0;10.0;2.0;2973.0;11.0;4.0;1.0;48.0;1.0;3.0;1.0;22.0;1.0;72.0;1.0;551.0;5.0;JZ_12
145;1.0;1.0;8.0;1.0;278.0;8.0;18.0;1.0;5509.0;23.0;1.0;1.0;93.0;31.0;75.0;7.0;75.0;1.0;20.0;1.0;18443.0;47.0;2.0;1.0;17385.0;59.0;17.0;16.0;442.0;2.0;0.0;2.0;13.0;1.0;-231.0;101.0;28.0;2.0;2839.0;256.0;22.0;1.0;-243.0;42.0;76.0;1.0;346.0;32.0;1.0;2.0;0.0;0.0;4.0;2.0;84.0;2.0;19.0;5.0;10.0;2.0;3597.0;12.0;6.0;1.0;54.0;1.0;2.0;1.0;26.0;1.0;63.0;1.0;555.0;5.0;JZ_13
146;1.0;1.0;7.0;1.0;248.0;8.0;14.0;1.0;4295.0;20.0;-1.0;1.0;120.0;30.0;58.0;6.0;63.0;1.0;15.0;1.0;14011.0;37.0;2.0;1.0;14880.0;51.0;13.0;16.0;300.0;2.0;1.0;2.0;12.0;1.0;-358.0;99.0;25.0;2.0;2065.0;220.0;22.0;1.0;-154.0;41.0;63.0;0.0;312.0;28.0;0.0;2.0;0.0;0.0;-2.0;2.0;78.0;2.0;25.0;5.0;7.0;2.0;3110.0;11.0;3.0;1.0;45.0;1.0;3.0;1.0;25.0;1.0;53.0;1.0;594.0;5.0;JZ_14
147;0.0;1.0;7.0;1.0;288.0;8.0;15.0;1.0;3677.0;18.0;1.0;1.0;125.0;31.0;51.0;6.0;60.0;1.0;16.0;1.0;13394.0;37.0;1.0;1.0;15193.0;53.0;37.0;16.0;381.0;2.0;3.0;2.0;13.0;1.0;-138.0;104.0;23.0;2.0;2267.0;221.0;23.0;1.0;-119.0;43.0;69.0;1.0;278.0;28.0;1.0;2.0;0.0;0.0;0.0;2.0;81.0;2.0;13.0;5.0;6.0;2.0;3147.0;11.0;3.0;1.0;45.0;1.0;3.0;1.0;25.0;1.0;55.0;1.0;584.0;5.0;JZ_15
148;0.0;1.0;8.0;1.0;273.0;8.0;14.0;1.0;4174.0;20.0;0.0;1.0;63.0;31.0;68.0;7.0;63.0;1.0;18.0;1.0;15903.0;42.0;1.0;1.0;16500.0;56.0;8.0;16.0;453.0;2.0;1.0;2.0;13.0;1.0;-343.0;103.0;24.0;2.0;2062.0;227.0;24.0;1.0;-199.0;43.0;74.0;1.0;308.0;30.0;6.0;2.0;0.0;0.0;1.0;2.0;85.0;2.0;9.0;5.0;5.0;2.0;3498.0;12.0;5.0;1.0;51.0;1.0;6.0;1.0;29.0;1.0;61.0;1.0;602.0;6.0;JZ_16
149;2.0;1.0;7.0;1.0;275.0;8.0;17.0;1.0;3199.0;17.0;2.0;1.0;82.0;30.0;48.0;6.0;73.0;1.0;13.0;1.0;12651.0;34.0;1.0;1.0;14060.0;49.0;6.0;16.0;277.0;2.0;1.0;2.0;12.0;1.0;-214.0;100.0;19.0;2.0;1617.0;202.0;22.0;1.0;-146.0;41.0;62.0;0.0;291.0;27.0;1.0;2.0;0.0;0.0;3.0;2.0;77.0;2.0;24.0;5.0;8.0;2.0;3017.0;10.0;2.0;1.0;45.0;1.0;3.0;1.0;24.0;1.0;56.0;1.0;580.0;5.0;JZ_17
150;0.0;1.0;7.0;1.0;263.0;8.0;13.0;1.0;3639.0;18.0;-1.0;1.0;56.0;31.0;48.0;6.0;70.0;1.0;18.0;1.0;12654.0;35.0;2.0;1.0;14922.0;52.0;0.0;16.0;396.0;2.0;0.0;2.0;12.0;1.0;-224.0;102.0;19.0;2.0;1562.0;211.0;23.0;1.0;-249.0;42.0;68.0;1.0;283.0;28.0;2.0;2.0;0.0;0.0;6.0;2.0;77.0;2.0;17.0;5.0;5.0;2.0;3146.0;11.0;5.0;1.0;47.0;1.0;3.0;1.0;25.0;1.0;52.0;1.0;552.0;5.0;JZ_19
151;-1.0;1.0;6.0;1.0;255.0;8.0;14.0;1.0;3455.0;17.0;-1.0;1.0;109.0;31.0;47.0;6.0;51.0;1.0;16.0;1.0;11979.0;33.0;1.0;1.0;14786.0;51.0;7.0;16.0;275.0;2.0;1.0;2.0;12.0;1.0;-217.0;101.0;19.0;2.0;2623.0;216.0;22.0;1.0;-207.0;42.0;61.0;0.0;286.0;27.0;2.0;2.0;0.0;0.0;4.0;2.0;75.0;2.0;16.0;5.0;7.0;2.0;2987.0;10.0;4.0;1.0;44.0;1.0;2.0;1.0;22.0;1.0;50.0;1.0;570.0;5.0;JZ_20
152;1.0;1.0;9.0;1.0;280.0;8.0;17.0;1.0;4422.0;20.0;-1.0;1.0;128.0;31.0;76.0;7.0;58.0;1.0;19.0;1.0;17771.0;45.0;1.0;1.0;15424.0;53.0;8.0;16.0;370.0;2.0;-3.0;2.0;14.0;1.0;-149.0;102.0;27.0;2.0;2409.0;235.0;23.0;1.0;-144.0;42.0;73.0;1.0;362.0;31.0;4.0;2.0;0.0;0.0;5.0;2.0;84.0;2.0;15.0;5.0;8.0;2.0;3325.0;11.0;4.0;1.0;49.0;1.0;2.0;1.0;27.0;1.0;58.0;1.0;580.0;5.0;JZ_21
153;1.0;1.0;8.0;1.0;248.0;8.0;9.0;2.0;4519.0;21.0;2.0;1.0;79.0;32.0;46.0;6.0;54.0;1.0;18.0;1.0;13384.0;38.0;1.0;1.0;14350.0;52.0;3.0;17.0;351.0;2.0;0.0;2.0;11.0;1.0;21.0;106.0;17.0;2.0;1859.0;224.0;26.0;1.0;-157.0;44.0;66.0;1.0;274.0;29.0;-1.0;3.0;0.0;0.0;1.0;2.0;78.0;2.0;7.0;5.0;8.0;2.0;3068.0;11.0;5.0;2.0;45.0;1.0;3.0;1.0;24.0;1.0;56.0;1.0;513.0;5.0;JZ_22
154;2.0;1.0;6.0;1.0;281.0;8.0;14.0;1.0;4037.0;19.0;1.0;1.0;88.0;31.0;80.0;6.0;69.0;1.0;15.0;1.0;13640.0;37.0;1.0;1.0;14728.0;51.0;3.0;16.0;314.0;2.0;-1.0;1.0;12.0;1.0;-121.0;101.0;19.0;2.0;2628.0;222.0;25.0;1.0;-223.0;42.0;65.0;0.0;300.0;28.0;-4.0;2.0;0.0;0.0;1.0;2.0;75.0;2.0;11.0;5.0;8.0;2.0;2999.0;10.0;3.0;1.0;42.0;1.0;4.0;1.0;23.0;1.0;58.0;1.0;525.0;5.0;JZ_23
155;-1.0;1.0;9.0;1.0;284.0;8.0;19.0;1.0;4401.0;20.0;0.0;1.0;98.0;30.0;76.0;7.0;63.0;1.0;17.0;1.0;17364.0;44.0;1.0;1.0;15713.0;54.0;35.0;16.0;357.0;2.0;0.0;2.0;13.0;1.0;-237.0;101.0;28.0;2.0;1761.0;225.0;25.0;1.0;-209.0;42.0;73.0;1.0;316.0;30.0;-3.0;2.0;0.0;0.0;1.0;2.0;79.0;2.0;13.0;5.0;9.0;2.0;3299.0;11.0;5.0;1.0;53.0;1.0;4.0;1.0;30.0;1.0;56.0;1.0;556.0;5.0;JZ_24
156;1.0;1.0;10.0;1.0;272.0;8.0;15.0;1.0;5452.0;23.0;0.0;1.0;112.0;32.0;68.0;7.0;69.0;1.0;18.0;1.0;17687.0;46.0;1.0;1.0;16740.0;57.0;17.0;16.0;479.0;2.0;1.0;2.0;15.0;1.0;-387.0;104.0;24.0;2.0;2491.0;247.0;26.0;1.0;-264.0;43.0;74.0;1.0;288.0;31.0;2.0;3.0;0.0;0.0;5.0;2.0;90.0;2.0;24.0;5.0;10.0;2.0;3401.0;12.0;4.0;1.0;54.0;1.0;5.0;1.0;30.0;1.0;72.0;1.0;588.0;6.0;MA_1
157;1.0;1.0;9.0;1.0;289.0;8.0;16.0;1.0;6060.0;25.0;1.0;1.0;135.0;30.0;68.0;8.0;85.0;1.0;15.0;1.0;21515.0;52.0;2.0;1.0;18463.0;61.0;35.0;16.0;542.0;3.0;-1.0;2.0;14.0;1.0;-33.0;101.0;36.0;2.0;2700.0;258.0;25.0;1.0;-184.0;42.0;80.0;1.0;377.0;33.0;2.0;2.0;0.0;0.0;3.0;2.0;90.0;2.0;29.0;5.0;9.0;2.0;3798.0;13.0;4.0;1.0;61.0;1.0;3.0;1.0;30.0;1.0;67.0;1.0;568.0;5.0;MA_2
158;2.0;1.0;9.0;1.0;265.0;8.0;17.0;1.0;3986.0;19.0;-1.0;1.0;119.0;31.0;86.0;8.0;70.0;1.0;21.0;1.0;19543.0;49.0;1.0;1.0;16428.0;56.0;16.0;16.0;499.0;2.0;3.0;2.0;14.0;1.0;-382.0;102.0;28.0;2.0;1614.0;228.0;33.0;1.0;-273.0;42.0;71.0;1.0;321.0;31.0;5.0;2.0;0.0;0.0;3.0;2.0;83.0;2.0;14.0;5.0;8.0;2.0;3609.0;12.0;3.0;1.0;56.0;1.0;3.0;1.0;29.0;1.0;66.0;1.0;576.0;5.0;MA_3
159;-1.0;1.0;8.0;1.0;280.0;8.0;16.0;1.0;5075.0;22.0;-2.0;1.0;104.0;31.0;68.0;7.0;66.0;1.0;18.0;1.0;18475.0;47.0;1.0;1.0;17338.0;59.0;11.0;16.0;560.0;3.0;-2.0;2.0;13.0;1.0;-236.0;103.0;33.0;2.0;2632.0;248.0;25.0;1.0;-215.0;42.0;76.0;1.0;275.0;31.0;-1.0;2.0;0.0;0.0;6.0;2.0;88.0;2.0;20.0;5.0;12.0;2.0;3587.0;12.0;6.0;1.0;54.0;1.0;6.0;1.0;31.0;1.0;66.0;1.0;576.0;5.0;MA_4
160;0.0;1.0;8.0;1.0;285.0;8.0;22.0;1.0;4667.0;21.0;-1.0;1.0;109.0;30.0;53.0;7.0;63.0;1.0;18.0;1.0;15963.0;41.0;1.0;1.0;16819.0;56.0;40.0;16.0;487.0;2.0;0.0;2.0;15.0;1.0;-204.0;99.0;33.0;2.0;2315.0;229.0;24.0;1.0;-225.0;41.0;74.0;1.0;307.0;29.0;0.0;2.0;0.0;0.0;6.0;2.0;90.0;2.0;18.0;5.0;10.0;2.0;3453.0;11.0;3.0;1.0;51.0;1.0;3.0;1.0;28.0;1.0;62.0;1.0;594.0;5.0;MA_6
161;0.0;1.0;7.0;1.0;293.0;8.0;17.0;1.0;4798.0;21.0;0.0;1.0;48.0;31.0;60.0;6.0;56.0;1.0;16.0;1.0;14670.0;39.0;2.0;1.0;16351.0;55.0;33.0;16.0;533.0;2.0;0.0;2.0;16.0;1.0;-229.0;102.0;29.0;2.0;2334.0;228.0;25.0;1.0;-261.0;42.0;73.0;1.0;252.0;28.0;1.0;2.0;0.0;0.0;7.0;2.0;95.0;2.0;19.0;5.0;9.0;2.0;3479.0;12.0;3.0;1.0;52.0;1.0;4.0;1.0;29.0;1.0;62.0;1.0;643.0;6.0;MA_7
162;0.0;1.0;8.0;1.0;290.0;8.0;18.0;1.0;4456.0;20.0;-2.0;1.0;126.0;31.0;58.0;7.0;76.0;1.0;18.0;1.0;15914.0;41.0;1.0;1.0;17027.0;56.0;22.0;16.0;500.0;2.0;2.0;2.0;15.0;1.0;-339.0;101.0;27.0;2.0;2528.0;232.0;23.0;1.0;-254.0;42.0;74.0;1.0;276.0;29.0;1.0;2.0;0.0;0.0;4.0;2.0;95.0;2.0;18.0;5.0;7.0;2.0;3554.0;12.0;3.0;1.0;53.0;1.0;4.0;1.0;30.0;1.0;64.0;1.0;588.0;5.0;MA_8
163;2.0;1.0;6.0;1.0;277.0;8.0;18.0;1.0;4063.0;19.0;0.0;1.0;104.0;31.0;50.0;6.0;64.0;1.0;14.0;1.0;13608.0;37.0;2.0;1.0;15553.0;53.0;17.0;16.0;490.0;2.0;2.0;2.0;13.0;1.0;-259.0;101.0;23.0;2.0;1919.0;217.0;22.0;1.0;-198.0;42.0;68.0;0.0;249.0;28.0;-2.0;2.0;0.0;0.0;0.0;2.0;86.0;2.0;14.0;5.0;9.0;2.0;3387.0;11.0;6.0;1.0;48.0;1.0;1.0;1.0;28.0;1.0;52.0;1.0;602.0;5.0;MA_9
164;0.0;1.0;8.0;1.0;272.0;8.0;12.0;2.0;5177.0;22.0;0.0;1.0;163.0;31.0;49.0;7.0;68.0;1.0;19.0;1.0;15410.0;42.0;2.0;1.0;15939.0;55.0;9.0;16.0;510.0;2.0;-2.0;2.0;13.0;1.0;-205.0;104.0;25.0;2.0;2034.0;232.0;27.0;1.0;-226.0;43.0;73.0;1.0;186.0;28.0;6.0;2.0;0.0;0.0;4.0;2.0;89.0;2.0;26.0;5.0;7.0;2.0;3598.0;12.0;4.0;1.0;51.0;1.0;3.0;1.0;31.0;1.0;65.0;1.0;596.0;6.0;MA_10
165;2.0;1.0;8.0;1.0;292.0;8.0;13.0;1.0;5557.0;23.0;1.0;1.0;142.0;31.0;59.0;7.0;61.0;1.0;20.0;1.0;16399.0;43.0;1.0;1.0;16857.0;57.0;19.0;16.0;480.0;2.0;-1.0;2.0;14.0;1.0;-447.0;105.0;25.0;2.0;2442.0;241.0;25.0;1.0;-231.0;43.0;74.0;1.0;223.0;29.0;6.0;2.0;0.0;0.0;2.0;2.0;88.0;2.0;26.0;5.0;8.0;2.0;3493.0;12.0;2.0;1.0;52.0;1.0;3.0;1.0;28.0;1.0;69.0;1.0;600.0;6.0;MA_11
166;1.0;1.0;10.0;1.0;304.0;8.0;19.0;1.0;6592.0;26.0;-1.0;1.0;180.0;31.0;65.0;8.0;72.0;1.0;22.0;1.0;19850.0;50.0;3.0;1.0;18138.0;61.0;35.0;16.0;512.0;2.0;-1.0;2.0;15.0;1.0;-101.0;104.0;32.0;2.0;2804.0;261.0;22.0;1.0;-166.0;43.0;78.0;1.0;280.0;32.0;6.0;2.0;0.0;0.0;7.0;2.0;84.0;2.0;17.0;5.0;12.0;2.0;3753.0;13.0;3.0;1.0;56.0;1.0;3.0;1.0;30.0;1.0;79.0;1.0;570.0;5.0;MA_12
167;1.0;1.0;10.0;1.0;278.0;8.0;13.0;2.0;9675.0;34.0;-1.0;1.0;88.0;32.0;54.0;8.0;71.0;1.0;21.0;1.0;21296.0;54.0;1.0;1.0;17775.0;61.0;36.0;17.0;464.0;2.0;-3.0;2.0;15.0;1.0;-157.0;105.0;28.0;2.0;2095.0;276.0;23.0;1.0;-152.0;43.0;79.0;1.0;378.0;34.0;4.0;2.0;0.0;0.0;5.0;2.0;87.0;2.0;19.0;5.0;6.0;2.0;3604.0;12.0;2.0;1.0;59.0;1.0;6.0;1.0;29.0;1.0;69.0;1.0;546.0;5.0;MA_13
168;0.0;1.0;8.0;1.0;297.0;8.0;20.0;1.0;4774.0;21.0;0.0;1.0;187.0;31.0;54.0;7.0;67.0;1.0;18.0;1.0;18164.0;46.0;2.0;1.0;17768.0;58.0;40.0;16.0;512.0;2.0;1.0;2.0;14.0;1.0;-351.0;102.0;31.0;2.0;2375.0;237.0;24.0;1.0;-253.0;42.0;76.0;1.0;359.0;31.0;-1.0;2.0;0.0;0.0;9.0;2.0;90.0;2.0;24.0;5.0;9.0;2.0;3672.0;12.0;4.0;1.0;55.0;1.0;2.0;1.0;31.0;1.0;63.0;1.0;577.0;5.0;MA_14
169;0.0;1.0;7.0;1.0;276.0;8.0;14.0;1.0;4515.0;21.0;1.0;1.0;140.0;31.0;63.0;7.0;58.0;1.0;18.0;1.0;15763.0;42.0;1.0;1.0;16178.0;55.0;49.0;16.0;475.0;2.0;-2.0;2.0;13.0;1.0;-302.0;103.0;22.0;2.0;2115.0;228.0;28.0;1.0;-167.0;43.0;74.0;1.0;319.0;30.0;4.0;2.0;0.0;0.0;4.0;2.0;89.0;2.0;19.0;5.0;9.0;2.0;3285.0;11.0;2.0;1.0;49.0;1.0;2.0;1.0;28.0;1.0;65.0;1.0;599.0;6.0;MA_15
170;1.0;1.0;10.0;1.0;273.0;8.0;16.0;1.0;6240.0;25.0;0.0;1.0;118.0;30.0;72.0;7.0;74.0;1.0;18.0;1.0;19925.0;49.0;2.0;1.0;18634.0;61.0;19.0;16.0;504.0;2.0;-1.0;2.0;15.0;1.0;-306.0;101.0;34.0;2.0;2522.0;252.0;22.0;1.0;-232.0;42.0;78.0;1.0;350.0;32.0;6.0;2.0;0.0;0.0;5.0;2.0;84.0;2.0;15.0;5.0;9.0;2.0;3808.0;12.0;4.0;1.0;58.0;1.0;3.0;1.0;31.0;1.0;68.0;1.0;584.0;5.0;MA_16
171;1.0;1.0;7.0;1.0;282.0;8.0;17.0;1.0;4499.0;20.0;0.0;1.0;162.0;31.0;50.0;7.0;57.0;1.0;16.0;1.0;15049.0;40.0;1.0;1.0;15901.0;54.0;40.0;16.0;500.0;2.0;1.0;2.0;13.0;1.0;-138.0;102.0;23.0;2.0;1763.0;222.0;23.0;1.0;-119.0;42.0;72.0;1.0;235.0;28.0;4.0;2.0;0.0;0.0;2.0;2.0;86.0;2.0;22.0;5.0;9.0;2.0;3289.0;11.0;2.0;1.0;52.0;1.0;4.0;1.0;28.0;1.0;56.0;1.0;580.0;5.0;MA_17
172;2.0;1.0;8.0;1.0;262.0;8.0;17.0;1.0;4395.0;20.0;1.0;1.0;67.0;31.0;62.0;7.0;56.0;1.0;18.0;1.0;16346.0;43.0;1.0;1.0;17027.0;57.0;32.0;16.0;485.0;2.0;-1.0;2.0;14.0;1.0;-270.0;103.0;28.0;2.0;2209.0;231.0;24.0;1.0;-211.0;43.0;74.0;1.0;308.0;30.0;1.0;2.0;0.0;0.0;6.0;2.0;86.0;2.0;16.0;5.0;8.0;2.0;3533.0;12.0;4.0;1.0;52.0;1.0;3.0;1.0;31.0;1.0;65.0;1.0;581.0;5.0;MA_18
173;2.0;1.0;9.0;1.0;281.0;8.0;20.0;1.0;6000.0;24.0;1.0;1.0;102.0;31.0;79.0;7.0;70.0;1.0;22.0;1.0;17962.0;46.0;1.0;1.0;17246.0;58.0;36.0;16.0;576.0;3.0;-3.0;2.0;15.0;1.0;-227.0;101.0;28.0;2.0;2650.0;248.0;25.0;1.0;-159.0;42.0;75.0;1.0;313.0;31.0;1.0;2.0;0.0;0.0;3.0;2.0;89.0;2.0;22.0;5.0;9.0;2.0;3558.0;12.0;7.0;2.0;55.0;1.0;5.0;1.0;34.0;1.0;75.0;1.0;594.0;5.0;MA_19
174;1.0;1.0;8.0;1.0;279.0;8.0;18.0;1.0;4916.0;21.0;0.0;1.0;114.0;31.0;69.0;7.0;67.0;1.0;16.0;1.0;14858.0;40.0;1.0;1.0;16441.0;55.0;41.0;16.0;464.0;2.0;-1.0;2.0;16.0;1.0;-265.0;103.0;23.0;2.0;1906.0;224.0;24.0;1.0;-187.0;43.0;74.0;1.0;324.0;29.0;2.0;2.0;0.0;0.0;7.0;2.0;94.0;2.0;17.0;5.0;9.0;2.0;3555.0;12.0;2.0;1.0;52.0;1.0;4.0;1.0;29.0;1.0;63.0;1.0;638.0;6.0;MA_20
175;-1.0;1.0;6.0;1.0;225.0;8.0;15.0;1.0;9092.0;30.0;0.0;1.0;56.0;30.0;43.0;6.0;59.0;1.0;14.0;1.0;11804.0;33.0;0.0;1.0;11869.0;44.0;21.0;16.0;247.0;2.0;-2.0;1.0;10.0;1.0;-106.0;100.0;17.0;2.0;2221.0;242.0;25.0;1.0;-253.0;41.0;52.0;0.0;456.0;30.0;1.0;2.0;0.0;0.0;6.0;2.0;83.0;2.0;11.0;5.0;8.0;2.0;2591.0;9.0;3.0;1.0;40.0;1.0;3.0;1.0;20.0;1.0;55.0;1.0;497.0;5.0;MB_2
176;0.0;1.0;7.0;1.0;203.0;8.0;13.0;1.0;4228.0;19.0;-1.0;1.0;78.0;30.0;26.0;5.0;54.0;1.0;13.0;1.0;10560.0;30.0;0.0;1.0;12466.0;44.0;9.0;16.0;218.0;2.0;-3.0;1.0;10.0;1.0;-161.0;100.0;15.0;2.0;2614.0;212.0;23.0;1.0;-177.0;41.0;54.0;0.0;464.0;28.0;-1.0;2.0;0.0;0.0;1.0;2.0;80.0;2.0;16.0;5.0;3.0;2.0;2535.0;9.0;3.0;1.0;38.0;1.0;3.0;1.0;17.0;1.0;51.0;1.0;516.0;5.0;MB_3
177;2.0;1.0;5.0;1.0;238.0;8.0;6.0;1.0;2921.0;16.0;1.0;1.0;88.0;31.0;30.0;5.0;48.0;1.0;17.0;1.0;9678.0;29.0;4.0;1.0;11834.0;43.0;32.0;16.0;175.0;1.0;1.0;2.0;10.0;1.0;-80.0;103.0;9.0;2.0;2171.0;199.0;32.0;1.0;-176.0;43.0;58.0;0.0;375.0;27.0;-1.0;2.0;0.0;0.0;2.0;2.0;72.0;2.0;14.0;5.0;3.0;2.0;2569.0;9.0;2.0;1.0;35.0;1.0;3.0;1.0;17.0;1.0;59.0;1.0;534.0;5.0;MB_4
178;-1.0;1.0;7.0;1.0;224.0;8.0;13.0;1.0;4176.0;19.0;0.0;1.0;95.0;31.0;32.0;5.0;46.0;1.0;15.0;1.0;10400.0;30.0;1.0;1.0;11879.0;44.0;8.0;16.0;161.0;1.0;0.0;1.0;10.0;1.0;-93.0;101.0;10.0;2.0;2545.0;214.0;22.0;1.0;-247.0;42.0;54.0;0.0;394.0;28.0;3.0;2.0;0.0;0.0;0.0;2.0;69.0;2.0;12.0;5.0;9.0;2.0;2652.0;9.0;4.0;1.0;39.0;1.0;2.0;1.0;19.0;1.0;47.0;1.0;537.0;5.0;MB_6
179;-1.0;1.0;6.0;1.0;228.0;8.0;12.0;1.0;3534.0;17.0;0.0;1.0;72.0;30.0;27.0;6.0;56.0;1.0;13.0;1.0;12623.0;34.0;1.0;1.0;13059.0;46.0;22.0;16.0;225.0;2.0;1.0;1.0;11.0;1.0;-156.0;101.0;16.0;2.0;2416.0;212.0;24.0;1.0;-100.0;42.0;56.0;0.0;425.0;28.0;3.0;2.0;0.0;0.0;6.0;2.0;77.0;2.0;15.0;5.0;4.0;2.0;2937.0;10.0;2.0;1.0;43.0;1.0;5.0;1.0;20.0;1.0;47.0;1.0;516.0;5.0;MB_7
180;1.0;1.0;7.0;1.0;210.0;8.0;13.0;1.0;2710.0;15.0;1.0;1.0;57.0;30.0;32.0;5.0;39.0;1.0;16.0;1.0;9299.0;27.0;3.0;1.0;11733.0;43.0;10.0;16.0;169.0;1.0;-1.0;1.0;10.0;1.0;-66.0;101.0;9.0;2.0;2340.0;196.0;28.0;1.0;-223.0;42.0;57.0;0.0;347.0;26.0;5.0;2.0;0.0;0.0;1.0;2.0;76.0;2.0;17.0;5.0;7.0;2.0;2705.0;9.0;6.0;1.0;36.0;1.0;4.0;1.0;20.0;1.0;48.0;1.0;528.0;5.0;MB_8
181;0.0;1.0;7.0;1.0;227.0;8.0;9.0;1.0;2548.0;15.0;2.0;1.0;42.0;31.0;16.0;5.0;64.0;1.0;21.0;1.0;10976.0;31.0;5.0;1.0;12523.0;45.0;2.0;16.0;389.0;2.0;5.0;1.0;11.0;1.0;-291.0;101.0;12.0;2.0;2697.0;206.0;34.0;1.0;-171.0;42.0;61.0;0.0;266.0;26.0;4.0;2.0;0.0;0.0;3.0;2.0;72.0;2.0;9.0;5.0;6.0;2.0;2498.0;9.0;3.0;1.0;36.0;1.0;1.0;1.0;21.0;1.0;58.0;1.0;489.0;5.0;MB_9
182;0.0;1.0;7.0;1.0;226.0;8.0;7.0;1.0;;;1.0;1.0;93.0;30.0;25.0;5.0;104.0;9.0;17.0;1.0;9484.0;28.0;5.0;1.0;;;2.0;16.0;274.0;5.0;0.0;1.0;10.0;1.0;-368.0;101.0;11.0;2.0;;;33.0;1.0;-257.0;42.0;55.0;0.0;;;1.0;2.0;0.0;0.0;8.0;2.0;68.0;2.0;3.0;5.0;3.0;2.0;2554.0;31.0;4.0;1.0;141.0;13.0;3.0;1.0;16.0;1.0;51.0;1.0;497.0;5.0;MB_10
183;1.0;1.0;5.0;1.0;238.0;8.0;14.0;1.0;3868.0;18.0;0.0;1.0;60.0;30.0;40.0;6.0;48.0;1.0;12.0;1.0;13856.0;36.0;1.0;1.0;13021.0;46.0;-8.0;15.0;517.0;2.0;0.0;1.0;10.0;1.0;-238.0;99.0;22.0;2.0;1771.0;209.0;24.0;1.0;-240.0;41.0;56.0;0.0;310.0;28.0;4.0;2.0;0.0;0.0;6.0;2.0;72.0;2.0;15.0;5.0;8.0;2.0;2722.0;10.0;4.0;1.0;46.0;1.0;3.0;1.0;23.0;1.0;54.0;1.0;469.0;4.0;MB_11
184;1.0;1.0;8.0;1.0;204.0;8.0;15.0;1.0;2328.0;14.0;0.0;1.0;120.0;30.0;29.0;5.0;42.0;1.0;18.0;1.0;10111.0;29.0;3.0;1.0;12250.0;44.0;33.0;16.0;192.0;1.0;-1.0;1.0;9.0;1.0;-58.0;100.0;14.0;2.0;2012.0;191.0;28.0;1.0;-142.0;41.0;55.0;0.0;318.0;26.0;-1.0;2.0;0.0;0.0;0.0;2.0;69.0;2.0;14.0;5.0;6.0;2.0;2701.0;9.0;3.0;1.0;37.0;1.0;0.0;1.0;17.0;1.0;52.0;1.0;547.0;5.0;MB_12
185;1.0;1.0;5.0;1.0;235.0;8.0;13.0;1.0;6373.0;24.0;1.0;1.0;59.0;30.0;29.0;6.0;55.0;1.0;20.0;1.0;13192.0;35.0;3.0;1.0;13029.0;46.0;26.0;16.0;352.0;2.0;-2.0;1.0;9.0;1.0;-314.0;100.0;18.0;2.0;2988.0;238.0;36.0;1.0;-201.0;41.0;59.0;0.0;395.0;29.0;4.0;2.0;0.0;0.0;3.0;2.0;80.0;2.0;11.0;5.0;6.0;2.0;2562.0;9.0;5.0;1.0;42.0;1.0;3.0;1.0;19.0;1.0;73.0;1.0;458.0;4.0;MB_13
186;1.0;1.0;6.0;1.0;218.0;8.0;11.0;1.0;2310.0;14.0;-1.0;1.0;76.0;31.0;39.0;5.0;50.0;1.0;16.0;1.0;9840.0;29.0;3.0;1.0;12201.0;44.0;-11.0;16.0;261.0;2.0;0.0;1.0;10.0;1.0;-176.0;102.0;9.0;2.0;1865.0;189.0;26.0;1.0;-154.0;42.0;57.0;0.0;296.0;25.0;0.0;2.0;0.0;0.0;2.0;2.0;68.0;2.0;16.0;5.0;5.0;2.0;2804.0;10.0;3.0;1.0;39.0;1.0;1.0;1.0;19.0;1.0;55.0;1.0;534.0;5.0;MB_14
187;0.0;1.0;5.0;1.0;211.0;8.0;12.0;1.0;2779.0;15.0;-1.0;1.0;82.0;30.0;33.0;5.0;43.0;1.0;12.0;1.0;10491.0;29.0;2.0;1.0;10946.0;40.0;7.0;16.0;421.0;2.0;2.0;1.0;10.0;1.0;-231.0;99.0;15.0;2.0;2089.0;194.0;23.0;1.0;-115.0;41.0;48.0;0.0;363.0;26.0;5.0;2.0;0.0;0.0;1.0;2.0;71.0;2.0;17.0;5.0;2.0;2.0;2621.0;9.0;4.0;1.0;40.0;1.0;3.0;1.0;18.0;1.0;46.0;1.0;503.0;5.0;MB_15
188;0.0;1.0;6.0;1.0;222.0;8.0;10.0;1.0;2570.0;15.0;0.0;1.0;98.0;30.0;21.0;6.0;45.0;1.0;19.0;1.0;11849.0;33.0;3.0;1.0;12939.0;46.0;32.0;16.0;309.0;2.0;-3.0;1.0;10.0;1.0;-26.0;100.0;13.0;2.0;2370.0;202.0;27.0;1.0;-128.0;41.0;60.0;0.0;305.0;26.0;5.0;2.0;0.0;0.0;3.0;2.0;70.0;2.0;18.0;5.0;8.0;2.0;2713.0;9.0;3.0;1.0;38.0;1.0;2.0;1.0;16.0;1.0;52.0;1.0;514.0;5.0;MB_16
189;0.0;1.0;5.0;1.0;221.0;8.0;10.0;1.0;2351.0;14.0;-3.0;1.0;51.0;31.0;32.0;5.0;47.0;1.0;19.0;1.0;10799.0;31.0;2.0;1.0;11938.0;43.0;7.0;16.0;335.0;2.0;2.0;1.0;10.0;1.0;-292.0;102.0;12.0;2.0;2219.0;196.0;34.0;1.0;-204.0;42.0;58.0;0.0;273.0;25.0;2.0;2.0;0.0;0.0;3.0;2.0;70.0;2.0;12.0;5.0;7.0;2.0;2355.0;9.0;2.0;1.0;35.0;1.0;2.0;1.0;18.0;1.0;47.0;1.0;502.0;5.0;MB_17
190;0.0;1.0;6.0;0.0;199.0;8.0;15.0;1.0;2984.0;15.0;-1.0;1.0;29.0;30.0;24.0;5.0;57.0;1.0;11.0;1.0;9704.0;28.0;2.0;1.0;10502.0;39.0;9.0;16.0;241.0;2.0;-3.0;1.0;10.0;1.0;-257.0;100.0;14.0;2.0;1713.0;188.0;20.0;1.0;-203.0;41.0;44.0;0.0;353.0;26.0;7.0;2.0;0.0;0.0;6.0;2.0;68.0;2.0;21.0;5.0;4.0;2.0;2488.0;9.0;3.0;1.0;38.0;1.0;2.0;1.0;16.0;1.0;46.0;1.0;504.0;5.0;MB_18
191;0.0;1.0;8.0;1.0;214.0;8.0;10.0;1.0;2570.0;15.0;0.0;1.0;55.0;30.0;19.0;5.0;45.0;1.0;16.0;1.0;10717.0;30.0;1.0;1.0;12246.0;44.0;-4.0;16.0;274.0;2.0;-2.0;1.0;8.0;1.0;-241.0;100.0;12.0;2.0;2859.0;207.0;25.0;1.0;-265.0;42.0;56.0;0.0;307.0;26.0;4.0;2.0;0.0;0.0;4.0;2.0;69.0;2.0;8.0;5.0;4.0;2.0;2567.0;9.0;2.0;1.0;39.0;1.0;1.0;1.0;16.0;1.0;52.0;1.0;505.0;5.0;MB_19
192;1.0;1.0;7.0;1.0;218.0;8.0;10.0;1.0;2698.0;15.0;1.0;1.0;73.0;30.0;30.0;5.0;41.0;1.0;18.0;1.0;10386.0;30.0;1.0;1.0;11739.0;43.0;25.0;16.0;320.0;2.0;-1.0;1.0;10.0;1.0;-194.0;101.0;14.0;2.0;2841.0;206.0;33.0;1.0;-166.0;42.0;56.0;0.0;280.0;26.0;7.0;2.0;0.0;0.0;4.0;2.0;72.0;2.0;11.0;5.0;6.0;2.0;2463.0;9.0;4.0;1.0;36.0;1.0;3.0;1.0;17.0;1.0;53.0;1.0;491.0;5.0;MB_20
193;-1.0;1.0;6.0;1.0;218.0;8.0;13.0;1.0;3916.0;18.0;1.0;1.0;56.0;30.0;27.0;5.0;57.0;1.0;18.0;1.0;10198.0;29.0;2.0;1.0;12078.0;43.0;14.0;16.0;341.0;2.0;1.0;1.0;10.0;1.0;-256.0;99.0;14.0;2.0;3024.0;212.0;27.0;1.0;-224.0;41.0;54.0;0.0;389.0;27.0;3.0;2.0;0.0;0.0;6.0;2.0;71.0;2.0;1.0;4.0;6.0;2.0;2418.0;9.0;2.0;1.0;36.0;1.0;0.0;1.0;16.0;1.0;59.0;1.0;488.0;5.0;MB_21
194;1.0;1.0;5.0;0.0;204.0;8.0;16.0;1.0;3654.0;17.0;0.0;1.0;117.0;29.0;21.0;6.0;50.0;1.0;11.0;1.0;11841.0;32.0;0.0;1.0;10733.0;40.0;35.0;15.0;239.0;2.0;1.0;1.0;9.0;1.0;-368.0;97.0;15.0;2.0;1792.0;198.0;21.0;1.0;-160.0;40.0;46.0;0.0;324.0;26.0;0.0;2.0;0.0;0.0;5.0;2.0;66.0;2.0;9.0;5.0;4.0;1.0;2258.0;8.0;2.0;1.0;40.0;1.0;2.0;1.0;16.0;1.0;41.0;1.0;388.0;4.0;MB_22
195;0.0;1.0;4.0;1.0;210.0;8.0;12.0;1.0;2644.0;14.0;1.0;1.0;129.0;30.0;29.0;5.0;38.0;1.0;16.0;1.0;9830.0;28.0;2.0;1.0;11357.0;41.0;-2.0;16.0;282.0;2.0;2.0;1.0;9.0;1.0;-8.0;101.0;12.0;2.0;2381.0;195.0;30.0;1.0;-124.0;42.0;53.0;0.0;284.0;25.0;1.0;2.0;0.0;0.0;5.0;2.0;69.0;2.0;14.0;5.0;3.0;2.0;2377.0;9.0;3.0;1.0;36.0;1.0;0.0;1.0;18.0;1.0;46.0;1.0;500.0;5.0;MB_23
196;0.0;1.0;4.0;1.0;217.0;8.0;9.0;1.0;4170.0;19.0;0.0;1.0;109.0;31.0;25.0;6.0;37.0;1.0;15.0;1.0;12401.0;34.0;1.0;1.0;12747.0;46.0;-7.0;16.0;221.0;2.0;0.0;1.0;9.0;1.0;-240.0;102.0;17.0;2.0;2060.0;210.0;34.0;1.0;-150.0;42.0;56.0;0.0;365.0;28.0;5.0;2.0;0.0;0.0;-2.0;2.0;66.0;2.0;21.0;5.0;7.0;2.0;2227.0;8.0;4.0;1.0;35.0;1.0;2.0;1.0;16.0;1.0;56.0;1.0;416.0;4.0;MB_24
197;2.0;1.0;6.0;1.0;221.0;8.0;11.0;1.0;3033.0;16.0;1.0;1.0;110.0;30.0;33.0;6.0;42.0;1.0;18.0;1.0;11666.0;32.0;2.0;1.0;11855.0;43.0;21.0;16.0;184.0;1.0;2.0;1.0;10.0;1.0;-367.0;99.0;16.0;2.0;1940.0;196.0;28.0;1.0;-157.0;41.0;55.0;0.0;311.0;26.0;3.0;2.0;1.0;0.0;1.0;2.0;72.0;2.0;13.0;5.0;8.0;2.0;2583.0;9.0;2.0;1.0;39.0;1.0;1.0;1.0;17.0;1.0;53.0;1.0;462.0;4.0;MB_25
198;1.0;1.0;7.0;1.0;191.0;8.0;9.0;1.0;34906.0;93.0;1.0;1.0;70.0;32.0;48.0;7.0;57.0;1.0;11.0;1.0;15779.0;43.0;1.0;1.0;15900.0;57.0;14.0;17.0;227.0;2.0;1.0;1.0;9.0;1.0;-105.0;106.0;22.0;2.0;2236.0;386.0;19.0;1.0;-149.0;44.0;72.0;1.0;458.0;40.0;4.0;2.0;0.0;0.0;7.0;2.0;112.0;2.0;9.0;5.0;4.0;2.0;2471.0;10.0;0.0;1.0;43.0;1.0;3.0;1.0;17.0;1.0;56.0;1.0;302.0;4.0;MW_1
199;1.0;1.0;7.0;0.0;195.0;8.0;12.0;1.0;32459.0;82.0;-1.0;1.0;82.0;30.0;25.0;6.0;53.0;1.0;14.0;1.0;11696.0;32.0;1.0;1.0;14035.0;50.0;9.0;16.0;233.0;2.0;2.0;1.0;7.0;1.0;-288.0;100.0;20.0;2.0;2941.0;359.0;18.0;1.0;-55.0;42.0;60.0;0.0;502.0;37.0;5.0;2.0;0.0;0.0;6.0;2.0;122.0;2.0;15.0;5.0;6.0;2.0;2269.0;9.0;2.0;1.0;37.0;1.0;1.0;1.0;15.0;1.0;50.0;1.0;237.0;3.0;MW_2
200;1.0;1.0;7.0;1.0;189.0;8.0;13.0;1.0;32662.0;85.0;-1.0;1.0;13.0;31.0;27.0;6.0;53.0;1.0;14.0;1.0;14388.0;39.0;0.0;1.0;14809.0;53.0;22.0;16.0;216.0;2.0;2.0;1.0;8.0;1.0;-253.0;103.0;20.0;2.0;1675.0;363.0;16.0;1.0;-137.0;42.0;66.0;0.0;378.0;38.0;3.0;2.0;1.0;0.0;2.0;2.0;111.0;2.0;9.0;5.0;6.0;2.0;2297.0;9.0;2.0;1.0;41.0;1.0;1.0;1.0;21.0;1.0;50.0;1.0;265.0;3.0;MW_3
201;1.0;1.0;9.0;1.0;201.0;8.0;10.0;1.0;17436.0;51.0;-1.0;1.0;54.0;31.0;43.0;7.0;66.0;1.0;14.0;1.0;18266.0;46.0;1.0;1.0;16759.0;58.0;16.0;16.0;251.0;2.0;-1.0;1.0;9.0;1.0;-372.0;101.0;24.0;2.0;2288.0;309.0;20.0;1.0;-183.0;42.0;78.0;1.0;405.0;35.0;0.0;2.0;0.0;0.0;4.0;2.0;91.0;2.0;8.0;5.0;6.0;2.0;2804.0;10.0;3.0;1.0;49.0;1.0;2.0;1.0;18.0;1.0;62.0;1.0;278.0;3.0;MW_4
202;-1.0;1.0;6.0;1.0;165.0;8.0;5.0;1.0;36784.0;95.0;0.0;1.0;19.0;32.0;29.0;6.0;40.0;1.0;12.0;1.0;11869.0;34.0;1.0;1.0;13058.0;49.0;-33.0;17.0;216.0;2.0;0.0;1.0;7.0;1.0;-209.0;104.0;14.0;2.0;1418.0;372.0;17.0;1.0;-109.0;43.0;61.0;0.0;531.0;39.0;2.0;2.0;0.0;0.0;0.0;2.0;127.0;3.0;1.0;5.0;4.0;2.0;1761.0;8.0;0.0;1.0;34.0;1.0;1.0;1.0;13.0;1.0;48.0;1.0;234.0;3.0;MW_5
203;-1.0;1.0;10.0;1.0;178.0;8.0;10.0;1.0;23736.0;66.0;-1.0;1.0;61.0;31.0;50.0;8.0;74.0;1.0;9.0;1.0;20730.0;53.0;2.0;1.0;17538.0;61.0;41.0;16.0;221.0;2.0;1.0;1.0;10.0;1.0;-178.0;103.0;25.0;2.0;1462.0;337.0;19.0;1.0;-207.0;43.0;84.0;1.0;372.0;38.0;2.0;2.0;1.0;0.0;1.0;2.0;104.0;2.0;18.0;5.0;8.0;2.0;2833.0;11.0;2.0;1.0;53.0;1.0;4.0;1.0;22.0;1.0;56.0;1.0;281.0;3.0;MW_7
204;2.0;1.0;5.0;0.0;178.0;8.0;8.0;1.0;40486.0;102.0;1.0;1.0;90.0;32.0;25.0;6.0;43.0;1.0;13.0;1.0;11225.0;33.0;1.0;1.0;13328.0;49.0;13.0;17.0;219.0;2.0;-1.0;1.0;7.0;1.0;-114.0;106.0;16.0;2.0;3188.0;395.0;16.0;1.0;-202.0;44.0;57.0;0.0;527.0;39.0;1.0;2.0;0.0;0.0;3.0;2.0;139.0;3.0;7.0;5.0;2.0;2.0;1933.0;8.0;2.0;1.0;33.0;1.0;2.0;1.0;16.0;1.0;51.0;1.0;251.0;3.0;MW_8
205;-1.0;1.0;10.0;1.0;191.0;8.0;10.0;1.0;25233.0;69.0;0.0;1.0;44.0;31.0;33.0;7.0;60.0;1.0;14.0;1.0;19022.0;49.0;1.0;1.0;16298.0;57.0;35.0;16.0;280.0;2.0;-2.0;1.0;10.0;1.0;-118.0;103.0;19.0;2.0;1916.0;342.0;20.0;1.0;-108.0;43.0;77.0;1.0;683.0;40.0;-3.0;2.0;0.0;0.0;-2.0;2.0;107.0;2.0;5.0;5.0;8.0;2.0;2629.0;10.0;3.0;1.0;47.0;1.0;0.0;1.0;19.0;1.0;58.0;1.0;268.0;3.0;MW_9
206;0.0;1.0;4.0;0.0;171.0;8.0;5.0;1.0;50357.0;123.0;-2.0;1.0;89.0;32.0;24.0;5.0;29.0;1.0;11.0;1.0;8367.0;27.0;2.0;1.0;11406.0;44.0;28.0;17.0;180.0;2.0;-1.0;1.0;6.0;1.0;-105.0;105.0;15.0;2.0;2935.0;422.0;13.0;1.0;-145.0;44.0;49.0;0.0;392.0;39.0;3.0;2.0;0.0;0.0;7.0;2.0;151.0;3.0;11.0;5.0;4.0;2.0;1298.0;6.0;2.0;1.0;27.0;1.0;2.0;1.0;11.0;1.0;41.0;1.0;199.0;3.0;MW_10
207;-1.0;1.0;8.0;1.0;185.0;8.0;10.0;1.0;26003.0;69.0;0.0;1.0;114.0;31.0;32.0;6.0;48.0;1.0;12.0;1.0;14580.0;39.0;1.0;1.0;15032.0;53.0;17.0;16.0;211.0;2.0;0.0;1.0;8.0;1.0;-56.0;103.0;19.0;2.0;2843.0;341.0;15.0;1.0;-149.0;43.0;67.0;0.0;425.0;36.0;4.0;2.0;0.0;0.0;7.0;2.0;99.0;2.0;16.0;5.0;5.0;2.0;2262.0;9.0;2.0;1.0;41.0;1.0;2.0;1.0;17.0;1.0;50.0;1.0;266.0;3.0;MW_11
208;1.0;1.0;10.0;1.0;194.0;8.0;11.0;2.0;24768.0;70.0;1.0;1.0;74.0;32.0;71.0;8.0;72.0;1.0;15.0;1.0;21734.0;56.0;2.0;1.0;18132.0;64.0;13.0;17.0;243.0;2.0;0.0;1.0;10.0;1.0;-310.0;106.0;26.0;2.0;1586.0;352.0;18.0;1.0;-196.0;44.0;88.0;1.0;407.0;39.0;2.0;2.0;0.0;0.0;4.0;2.0;102.0;2.0;13.0;5.0;7.0;2.0;3061.0;11.0;2.0;1.0;56.0;1.0;3.0;1.0;21.0;1.0;61.0;1.0;262.0;3.0;MW_12
209;0.0;1.0;5.0;0.0;171.0;8.0;5.0;1.0;52001.0;127.0;-1.0;1.0;119.0;32.0;17.0;5.0;36.0;1.0;12.0;1.0;9986.0;30.0;1.0;1.0;11931.0;46.0;24.0;17.0;193.0;2.0;0.0;1.0;6.0;1.0;-266.0;107.0;11.0;2.0;3248.0;432.0;14.0;1.0;-171.0;44.0;53.0;0.0;410.0;40.0;3.0;3.0;0.0;0.0;5.0;2.0;163.0;3.0;11.0;5.0;8.0;2.0;1619.0;7.0;0.0;1.0;27.0;1.0;2.0;1.0;16.0;1.0;45.0;1.0;239.0;3.0;MW_13
210;-1.0;1.0;4.0;0.0;177.0;8.0;7.0;1.0;35245.0;90.0;0.0;1.0;67.0;31.0;17.0;6.0;48.0;1.0;12.0;1.0;12332.0;35.0;2.0;1.0;14261.0;51.0;37.0;16.0;194.0;2.0;0.0;1.0;7.0;1.0;-255.0;103.0;16.0;2.0;2084.0;368.0;16.0;1.0;-126.0;43.0;64.0;0.0;380.0;37.0;-2.0;2.0;0.0;0.0;5.0;2.0;115.0;2.0;10.0;5.0;7.0;2.0;2108.0;8.0;3.0;1.0;37.0;1.0;2.0;1.0;17.0;1.0;46.0;1.0;260.0;3.0;MW_14
211;-1.0;1.0;4.0;0.0;158.0;8.0;6.0;1.0;51420.0;126.0;1.0;1.0;59.0;33.0;19.0;5.0;31.0;1.0;13.0;1.0;9392.0;29.0;2.0;1.0;11116.0;44.0;8.0;18.0;185.0;2.0;-1.0;1.0;7.0;1.0;-82.0;109.0;9.0;2.0;2852.0;426.0;13.0;1.0;-140.0;45.0;51.0;0.0;445.0;40.0;-3.0;3.0;0.0;0.0;-1.0;3.0;167.0;3.0;2.0;5.0;6.0;2.0;1476.0;7.0;1.0;2.0;26.0;1.0;1.0;1.0;14.0;1.0;43.0;1.0;262.0;3.0;MW_15
212;0.0;1.0;3.0;0.0;181.0;8.0;7.0;1.0;50930.0;121.0;1.0;1.0;50.0;31.0;16.0;5.0;39.0;1.0;10.0;1.0;7793.0;25.0;1.0;1.0;11210.0;43.0;27.0;16.0;177.0;1.0;-1.0;1.0;5.0;1.0;-167.0;103.0;15.0;2.0;3176.0;415.0;13.0;1.0;-97.0;43.0;47.0;0.0;390.0;38.0;5.0;2.0;0.0;0.0;6.0;2.0;162.0;3.0;20.0;5.0;3.0;2.0;1323.0;6.0;2.0;1.0;23.0;1.0;2.0;1.0;12.0;1.0;38.0;1.0;240.0;3.0;MW_16
213;1.0;1.0;12.0;1.0;208.0;8.0;12.0;1.0;21859.0;62.0;0.0;1.0;170.0;32.0;57.0;8.0;69.0;1.0;14.0;1.0;21966.0;55.0;2.0;1.0;17691.0;61.0;17.0;16.0;242.0;2.0;-2.0;1.0;11.0;1.0;-263.0;105.0;27.0;2.0;1183.0;328.0;19.0;1.0;-184.0;43.0;89.0;1.0;454.0;38.0;5.0;2.0;0.0;0.0;6.0;2.0;103.0;2.0;23.0;5.0;7.0;2.0;3085.0;11.0;4.0;1.0;55.0;1.0;4.0;1.0;21.0;1.0;60.0;1.0;260.0;3.0;MW_17
214;0.0;1.0;4.0;0.0;185.0;8.0;7.0;1.0;50060.0;120.0;0.0;1.0;32.0;31.0;23.0;5.0;30.0;1.0;12.0;1.0;9767.0;29.0;1.0;1.0;12694.0;47.0;36.0;16.0;205.0;2.0;1.0;1.0;6.0;1.0;-264.0;104.0;16.0;2.0;3382.0;418.0;14.0;1.0;-119.0;43.0;54.0;0.0;426.0;39.0;5.0;2.0;0.0;0.0;2.0;2.0;157.0;3.0;18.0;5.0;5.0;2.0;1623.0;7.0;2.0;1.0;29.0;1.0;2.0;1.0;15.0;1.0;47.0;1.0;264.0;3.0;MW_18
215;2.0;1.0;11.0;1.0;199.0;8.0;6.0;2.0;20029.0;58.0;1.0;1.0;59.0;32.0;61.0;8.0;68.0;1.0;13.0;1.0;22274.0;57.0;2.0;1.0;17378.0;61.0;24.0;17.0;235.0;2.0;-1.0;1.0;9.0;1.0;-132.0;107.0;24.0;2.0;1207.0;323.0;20.0;1.0;-186.0;44.0;88.0;1.0;578.0;39.0;2.0;2.0;0.0;0.0;2.0;2.0;104.0;2.0;22.0;5.0;9.0;2.0;2981.0;11.0;4.0;2.0;52.0;1.0;2.0;1.0;23.0;1.0;63.0;1.0;263.0;3.0;MW_19
216;1.0;1.0;7.0;1.0;161.0;8.0;11.0;1.0;53861.0;134.0;0.0;1.0;88.0;32.0;36.0;7.0;53.0;1.0;15.0;1.0;16560.0;45.0;1.0;1.0;16284.0;57.0;23.0;17.0;233.0;2.0;-3.0;1.0;8.0;1.0;13.0;105.0;21.0;2.0;1574.0;443.0;17.0;1.0;-115.0;43.0;74.0;1.0;697.0;45.0;1.0;2.0;0.0;0.0;0.0;2.0;153.0;3.0;11.0;5.0;7.0;2.0;2394.0;9.0;4.0;2.0;42.0;1.0;1.0;1.0;19.0;1.0;53.0;1.0;274.0;3.0;MW_20
217;2.0;1.0;7.0;1.0;259.0;9.0;11.0;2.0;4707.0;21.0;-1.0;1.0;76.0;33.0;67.0;7.0;63.0;1.0;21.0;1.0;15380.0;42.0;1.0;1.0;13693.0;50.0;13.0;17.0;370.0;2.0;0.0;2.0;12.0;1.0;91.0;108.0;21.0;2.0;1820.0;227.0;25.0;1.0;-175.0;45.0;66.0;1.0;280.0;29.0;5.0;3.0;0.0;0.0;9.0;2.0;86.0;2.0;20.0;5.0;7.0;2.0;3343.0;12.0;4.0;2.0;45.0;1.0;4.0;1.0;29.0;1.0;67.0;1.0;654.0;6.0;ST_1
218;2.0;1.0;7.0;1.0;254.0;8.0;10.0;2.0;4093.0;19.0;1.0;1.0;101.0;32.0;46.0;7.0;55.0;1.0;24.0;1.0;14494.0;40.0;3.0;1.0;13948.0;50.0;16.0;17.0;420.0;2.0;-1.0;2.0;13.0;1.0;-170.0;105.0;20.0;2.0;2019.0;221.0;29.0;1.0;-234.0;44.0;68.0;1.0;275.0;28.0;-4.0;3.0;0.0;0.0;7.0;2.0;86.0;2.0;18.0;5.0;8.0;2.0;3314.0;11.0;5.0;2.0;45.0;1.0;3.0;1.0;29.0;1.0;77.0;1.0;615.0;6.0;ST_2
219;0.0;1.0;8.0;1.0;257.0;8.0;11.0;1.0;4459.0;20.0;-2.0;1.0;127.0;31.0;55.0;7.0;77.0;1.0;24.0;1.0;15043.0;40.0;1.0;1.0;14863.0;52.0;49.0;16.0;372.0;2.0;-1.0;2.0;12.0;1.0;-214.0;102.0;21.0;2.0;2193.0;226.0;23.0;1.0;-161.0;42.0;67.0;1.0;318.0;29.0;-2.0;2.0;0.0;0.0;2.0;2.0;85.0;2.0;12.0;5.0;8.0;2.0;3190.0;11.0;4.0;1.0;49.0;1.0;4.0;1.0;27.0;1.0;65.0;1.0;609.0;6.0;ST_3
220;1.0;1.0;8.0;1.0;249.0;8.0;15.0;1.0;4422.0;20.0;0.0;1.0;103.0;31.0;51.0;7.0;92.0;1.0;24.0;1.0;14953.0;40.0;1.0;1.0;14659.0;51.0;19.0;16.0;392.0;2.0;2.0;2.0;13.0;1.0;-190.0;102.0;24.0;2.0;2560.0;229.0;25.0;1.0;-157.0;42.0;66.0;0.0;288.0;29.0;2.0;2.0;0.0;0.0;4.0;2.0;89.0;2.0;27.0;5.0;8.0;2.0;3416.0;11.0;2.0;1.0;49.0;1.0;3.0;1.0;30.0;1.0;73.0;1.0;625.0;6.0;ST_4
221;-1.0;1.0;9.0;1.0;261.0;8.0;15.0;2.0;4217.0;20.0;0.0;1.0;71.0;32.0;58.0;7.0;69.0;1.0;26.0;1.0;15544.0;42.0;2.0;1.0;13987.0;50.0;14.0;17.0;402.0;2.0;1.0;2.0;14.0;1.0;-200.0;106.0;22.0;2.0;1969.0;224.0;25.0;1.0;-220.0;44.0;67.0;1.0;222.0;28.0;5.0;3.0;0.0;0.0;4.0;2.0;93.0;2.0;20.0;5.0;7.0;2.0;3201.0;11.0;2.0;1.0;46.0;1.0;5.0;1.0;33.0;1.0;67.0;1.0;668.0;6.0;ST_5
222;-1.0;1.0;7.0;1.0;251.0;8.0;14.0;1.0;3873.0;19.0;1.0;1.0;127.0;32.0;60.0;6.0;64.0;1.0;22.0;1.0;13654.0;37.0;1.0;1.0;14120.0;50.0;75.0;17.0;368.0;2.0;0.0;2.0;14.0;1.0;-66.0;105.0;23.0;2.0;1698.0;211.0;26.0;1.0;-198.0;43.0;65.0;0.0;289.0;28.0;0.0;2.0;0.0;0.0;4.0;2.0;92.0;2.0;10.0;5.0;7.0;2.0;3247.0;11.0;5.0;1.0;47.0;1.0;6.0;1.0;29.0;1.0;61.0;1.0;668.0;6.0;ST_6
223;3.0;1.0;7.0;1.0;247.0;8.0;12.0;2.0;3715.0;18.0;0.0;1.0;41.0;32.0;56.0;7.0;59.0;1.0;25.0;1.0;14793.0;41.0;3.0;1.0;13564.0;49.0;-16.0;17.0;356.0;2.0;-1.0;2.0;13.0;1.0;-388.0;107.0;21.0;2.0;1964.0;218.0;26.0;1.0;-222.0;44.0;67.0;1.0;244.0;28.0;3.0;3.0;0.0;0.0;4.0;2.0;92.0;2.0;10.0;5.0;6.0;2.0;3319.0;11.0;3.0;1.0;44.0;1.0;2.0;1.0;28.0;1.0;67.0;1.0;656.0;6.0;ST_7
224;1.0;1.0;7.0;1.0;250.0;8.0;17.0;1.0;4027.0;19.0;3.0;1.0;80.0;31.0;67.0;6.0;72.0;1.0;25.0;1.0;13843.0;38.0;1.0;1.0;13987.0;49.0;25.0;16.0;339.0;2.0;1.0;2.0;13.0;1.0;-257.0;104.0;17.0;2.0;1978.0;215.0;24.0;1.0;-189.0;43.0;65.0;0.0;254.0;27.0;2.0;2.0;0.0;0.0;3.0;2.0;90.0;2.0;20.0;5.0;9.0;2.0;3340.0;11.0;6.0;2.0;46.0;1.0;2.0;1.0;29.0;1.0;63.0;1.0;669.0;6.0;ST_8
225;2.0;1.0;8.0;1.0;253.0;8.0;15.0;1.0;4178.0;19.0;1.0;1.0;110.0;31.0;47.0;6.0;59.0;1.0;25.0;1.0;13930.0;38.0;2.0;1.0;14413.0;50.0;30.0;16.0;367.0;2.0;-1.0;2.0;13.0;1.0;-315.0;103.0;21.0;2.0;2187.0;219.0;28.0;1.0;-230.0;43.0;66.0;0.0;297.0;28.0;3.0;2.0;0.0;0.0;6.0;2.0;90.0;2.0;18.0;5.0;8.0;2.0;3177.0;11.0;2.0;1.0;47.0;1.0;4.0;1.0;28.0;1.0;73.0;1.0;611.0;6.0;ST_9
226;2.0;1.0;7.0;1.0;248.0;8.0;16.0;1.0;3842.0;18.0;-1.0;1.0;152.0;31.0;62.0;6.0;56.0;1.0;21.0;1.0;14556.0;38.0;2.0;1.0;14567.0;50.0;51.0;16.0;356.0;2.0;-3.0;2.0;14.0;1.0;-91.0;103.0;24.0;2.0;1719.0;210.0;25.0;1.0;-151.0;42.0;69.0;0.0;283.0;28.0;2.0;2.0;0.0;0.0;1.0;2.0;93.0;2.0;7.0;5.0;7.0;2.0;3205.0;11.0;3.0;1.0;47.0;1.0;4.0;1.0;28.0;1.0;62.0;1.0;605.0;6.0;ST_10
227;2.0;1.0;7.0;1.0;273.0;8.0;16.0;1.0;3702.0;18.0;1.0;1.0;99.0;31.0;54.0;7.0;59.0;1.0;22.0;1.0;16197.0;42.0;1.0;1.0;14419.0;50.0;17.0;16.0;379.0;2.0;1.0;2.0;14.0;1.0;-71.0;102.0;26.0;2.0;1711.0;215.0;22.0;1.0;-151.0;42.0;70.0;0.0;232.0;28.0;-1.0;2.0;0.0;0.0;6.0;2.0;93.0;2.0;22.0;5.0;12.0;2.0;3415.0;11.0;4.0;1.0;49.0;1.0;3.0;1.0;29.0;1.0;60.0;1.0;575.0;5.0;ST_11
228;0.0;1.0;7.0;1.0;250.0;8.0;16.0;1.0;4829.0;21.0;1.0;1.0;133.0;31.0;63.0;7.0;66.0;1.0;25.0;1.0;16446.0;43.0;1.0;1.0;14579.0;51.0;21.0;16.0;385.0;2.0;0.0;2.0;15.0;1.0;-56.0;103.0;26.0;2.0;2417.0;230.0;27.0;1.0;-198.0;43.0;72.0;1.0;269.0;29.0;2.0;2.0;0.0;0.0;6.0;2.0;96.0;2.0;12.0;5.0;9.0;2.0;3247.0;11.0;2.0;1.0;48.0;1.0;4.0;1.0;29.0;1.0;73.0;1.0;575.0;5.0;ST_12
229;0.0;1.0;7.0;1.0;233.0;8.0;13.0;2.0;4614.0;21.0;0.0;1.0;90.0;32.0;53.0;7.0;61.0;1.0;25.0;1.0;15350.0;42.0;2.0;1.0;14965.0;53.0;-2.0;17.0;381.0;2.0;-2.0;2.0;13.0;1.0;-358.0;105.0;24.0;2.0;2461.0;233.0;27.0;1.0;-335.0;43.0;69.0;1.0;358.0;30.0;2.0;3.0;0.0;0.0;8.0;2.0;94.0;2.0;14.0;5.0;8.0;2.0;3227.0;11.0;4.0;2.0;48.0;1.0;3.0;1.0;27.0;1.0;74.0;1.0;589.0;6.0;ST_13
